date,home_team,away_team,elo_home_pre,elo_away_pre,expected_home_win_prob,elo_home_post,elo_away_post,result
2025-08-15 15:00:00,Liverpool,AFC Bournemouth,1500.0,1500.0,0.5854986786718095,1514.9220475678148,1485.0779524321852,H
2025-08-16 07:30:00,Aston Villa,Newcastle United,1500.0,1500.0,0.5854986786718095,1497.9480317118766,1502.0519682881234,D
2025-08-16 10:00:00,Tottenham Hotspur,Burnley,1500.0,1500.0,0.5854986786718095,1517.409055495784,1482.590944504216,H
2025-08-16 10:00:00,Brighton & Hove Albion,Fulham,1500.0,1500.0,0.5854986786718095,1497.9480317118766,1502.0519682881234,D
2025-08-16 10:00:00,Sunderland,West Ham United,1500.0,1500.0,0.5854986786718095,1517.409055495784,1482.590944504216,H
2025-08-16 12:30:00,Wolverhampton Wanderers,Manchester City,1500.0,1500.0,0.5854986786718095,1475.409055495784,1524.590944504216,A
2025-08-17 09:00:00,Nottingham Forest,Brentford,1500.0,1500.0,0.5854986786718095,1514.9220475678148,1485.0779524321852,H
2025-08-17 09:00:00,Chelsea,Crystal Palace,1500.0,1500.0,0.5854986786718095,1497.9480317118766,1502.0519682881234,D
2025-08-17 11:30:00,Manchester United,Arsenal,1500.0,1500.0,0.5854986786718095,1485.9480317118766,1514.0519682881234,A
2025-08-18 15:00:00,Leeds United,Everton,1500.0,1500.0,0.5854986786718095,1509.9480317118766,1490.0519682881234,H
2025-08-22 15:00:00,West Ham United,Chelsea,1482.590944504216,1497.9480317118766,0.5638950589829189,1458.9073520269333,1521.6316241891593,A
2025-08-23 07:30:00,Manchester City,Tottenham Hotspur,1524.590944504216,1517.409055495784,0.5954952758763273,1503.153114572668,1538.846885427332,A
2025-08-23 10:00:00,Brentford,Aston Villa,1485.0779524321852,1497.9480317118766,0.5674124258267556,1495.460054212343,1487.5659299317188,H
2025-08-23 10:00:00,Burnley,Sunderland,1482.590944504216,1517.409055495784,0.5361763258238021,1499.288596774559,1500.711403225441,H
2025-08-23 10:00:00,AFC Bournemouth,Wolverhampton Wanderers,1485.0779524321852,1475.409055495784,0.5989390450948833,1494.703415349908,1465.7835925780612,H
2025-08-23 12:30:00,Arsenal,Leeds United,1514.0519682881234,1509.9480317118766,0.5912202023720626,1531.2207197884968,1492.7792802115032,H
2025-08-24 09:00:00,Everton,Brighton & Hove Albion,1490.0519682881234,1497.9480317118766,0.5744264727184082,1505.3726152702607,1482.6273847297393,H
2025-08-24 09:00:00,Crystal Palace,Nottingham Forest,1502.0519682881234,1514.9220475678148,0.5674124258267556,1500.4340700682812,1516.539945787657,D
2025-08-24 11:30:00,Fulham,Manchester United,1502.0519682881234,1485.9480317118766,0.6078036967721425,1499.464679565592,1488.535320434408,D
2025-08-25 15:00:00,Newcastle United,Liverpool,1502.0519682881234,1514.9220475678148,0.5674124258267556,1488.4340700682812,1528.539945787657,A
2025-08-30 07:30:00,Chelsea,Fulham,1521.6316241891593,1499.464679565592,0.6160914304737134,1535.4523326921055,1485.6439710626457,H
2025-08-30 10:00:00,Tottenham Hotspur,AFC Bournemouth,1538.846885427332,1494.703415349908,0.6455414491324591,1523.3538906481529,1510.196410129087,A
2025-08-30 10:00:00,Sunderland,Brentford,1500.711403225441,1495.460054212343,0.5928155332577109,1510.483830427256,1485.687627010528,H
2025-08-30 10:00:00,Manchester United,Burnley,1488.535320434408,1499.288596774559,0.5704008830249284,1498.8456992418098,1488.9782179671572,H
2025-08-30 10:00:00,Wolverhampton Wanderers,Everton,1465.7835925780612,1505.3726152702607,0.5293400118756335,1453.079432293046,1518.0767755552758,A
2025-08-30 12:30:00,Leeds United,Newcastle United,1492.7792802115032,1488.4340700682812,0.5915558233074218,1490.581940452125,1490.6314098276594,D
2025-08-31 09:00:00,Brighton & Hove Albion,Manchester City,1482.6273847297393,1503.153114572668,0.5565648591471124,1493.2698281102087,1492.5106711921987,H
2025-08-31 09:00:00,Nottingham Forest,West Ham United,1516.539945787657,1458.9073520269333,0.6631017836432297,1488.6896708746413,1486.757626939949,A
2025-08-31 11:30:00,Liverpool,Arsenal,1528.539945787657,1531.2207197884968,0.5817486680833615,1538.5779777536563,1521.1826878224974,H
2025-08-31 14:00:00,Aston Villa,Crystal Palace,1487.5659299317188,1500.4340700682812,0.5674151657482471,1463.7344929702924,1524.2655070297076,A
2025-09-13 07:30:00,Arsenal,Nottingham Forest,1521.1826878224974,1488.6896708746413,0.6300502995473475,1536.7205752415089,1473.1517834556298,H
2025-09-13 10:00:00,AFC Bournemouth,Brighton & Hove Albion,1510.196410129087,1493.2698281102087,0.6089319660463356,1519.582042943975,1483.8841952953208,H
2025-09-13 10:00:00,Crystal Palace,Sunderland,1524.2655070297076,1510.483830427256,0.6046125027312695,1521.754806964157,1512.9945304928065,D
2025-09-13 10:00:00,Everton,Aston Villa,1518.0767755552758,1463.7344929702924,0.6588575208144158,1514.26419505573,1467.5470734698383,D
2025-09-13 10:00:00,Newcastle United,Wolverhampton Wanderers,1490.6314098276594,1453.079432293046,0.636812104335737,1499.3479193236017,1444.3629227971037,H
2025-09-13 10:00:00,Fulham,Leeds United,1485.6439710626457,1490.581940452125,0.57858381891278,1495.757959408739,1480.4679521060318,H
2025-09-13 12:30:00,West Ham United,Tottenham Hotspur,1486.757626939949,1523.3538906481529,0.5336298335942407,1464.3451739289908,1545.766343659111,A
2025-09-13 15:00:00,Brentford,Chelsea,1485.687627010528,1535.4523326921055,0.5147255129033468,1485.3342147008477,1535.805745001786,D
2025-09-14 09:00:00,Burnley,Liverpool,1488.9782179671572,1538.5779777536563,0.5149626799026104,1476.6191136494945,1550.937082071319,A
2025-09-14 11:30:00,Manchester City,Manchester United,1492.5106711921987,1498.8456992418098,0.5766217238717989,1510.2925587895832,1481.0638116444254,H
2025-09-20 07:30:00,Liverpool,Everton,1550.937082071319,1514.26419505573,0.635640902292111,1559.6817004163083,1505.5195767107407,H
2025-09-20 10:00:00,Wolverhampton Wanderers,Leeds United,1444.3629227971037,1480.4679521060318,0.534333511221689,1425.1269163931229,1499.7039585100126,A
2025-09-20 10:00:00,Burnley,Nottingham Forest,1476.6191136494945,1473.1517834556298,0.5903342505771852,1474.4510916356421,1475.3198054694822,D
2025-09-20 10:00:00,West Ham United,Crystal Palace,1464.3451739289908,1521.754806964157,0.5037277686524423,1452.2557074813321,1533.8442734118157,A
2025-09-20 10:00:00,Brighton & Hove Albion,Tottenham Hotspur,1483.8841952953208,1545.766343659111,0.49729139726783067,1483.9492017608927,1545.701337193539,D
2025-09-20 12:30:00,Manchester United,Chelsea,1481.0638116444254,1535.805745001786,0.5075663885189179,1492.8822183199713,1523.98733832624,H
2025-09-20 15:00:00,Fulham,Brentford,1495.757959408739,1485.3342147008477,0.5999823727789084,1510.1585939886984,1470.9335801208883,H
2025-09-21 09:00:00,Sunderland,Aston Villa,1512.9945304928065,1467.5470734698383,0.6472571528530676,1509.4603588243328,1471.081245138312,D
2025-09-21 09:00:00,AFC Bournemouth,Newcastle United,1519.582042943975,1499.3479193236017,0.6134564515570319,1516.8590881066064,1502.0708741609703,D
2025-09-21 11:30:00,Arsenal,Manchester City,1536.7205752415089,1510.2925587895832,0.6218762642925492,1533.7955448984876,1513.2175891326044,D
2025-09-27 07:30:00,Brentford,Manchester United,1470.9335801208883,1492.8822183199713,0.5545424112139131,1486.9700533171874,1476.8457451236723,H
2025-09-27 10:00:00,Leeds United,AFC Bournemouth,1499.7039585100126,1516.8590881066064,0.5613480624712263,1498.231605010703,1518.3314416059159,D
2025-09-27 10:00:00,Chelsea,Brighton & Hove Albion,1523.98733832624,1483.9492017608927,0.6401155743588222,1500.9431776493225,1506.9933624378102,A
2025-09-27 10:00:00,Manchester City,Burnley,1513.2175891326044,1474.4510916356421,0.6384275265813124,1528.4036330161894,1459.2650477520572,H
2025-09-27 10:00:00,Crystal Palace,Liverpool,1533.8442734118157,1559.6817004163083,0.549006060297062,1544.6681279646862,1548.857845863438,H
2025-09-27 12:30:00,Nottingham Forest,Sunderland,1475.3198054694822,1509.4603588243328,0.5371461670987843,1462.4282974591113,1522.3518668347037,A
2025-09-27 15:00:00,Tottenham Hotspur,Wolverhampton Wanderers,1545.701337193539,1425.1269163931229,0.7387477145709652,1539.971392043836,1430.856861542826,D
2025-09-28 09:00:00,Aston Villa,Fulham,1471.081245138312,1510.1585939886984,0.5300737702506292,1487.9985894092893,1493.241249717721,H
2025-09-28 11:30:00,Newcastle United,Arsenal,1502.0708741609703,1533.7955448984876,0.5406018714683298,1489.0964292457304,1546.7699898137275,A
2025-09-29 15:00:00,Everton,West Ham United,1505.5195767107407,1452.2557074813321,0.6574608457981943,1501.740516411584,1456.034767780489,D
2025-10-03 15:00:00,AFC Bournemouth,Fulham,1518.3314416059159,1493.241249717721,0.6200636790087217,1532.009149161602,1479.563542162035,H
2025-10-04 07:30:00,Leeds United,Tottenham Hotspur,1498.231605010703,1539.971392043836,0.5262543895735283,1485.6014996609383,1552.6014973936008,A
2025-10-04 10:00:00,Manchester United,Sunderland,1476.8457451236723,1522.3518668347037,0.5208462761302529,1494.0952791829832,1505.1023327753928,H
2025-10-04 10:00:00,Arsenal,West Ham United,1546.7699898137275,1456.034767780489,0.7042672421639391,1557.4163690958258,1445.3883884983907,H
2025-10-04 12:30:00,Chelsea,Liverpool,1500.9431776493225,1548.857845863438,0.5173851793234155,1512.5259333455606,1537.2750901671998,H
2025-10-05 09:00:00,Wolverhampton Wanderers,Brighton & Hove Albion,1430.856861542826,1506.9933624378102,0.4767943916927347,1431.4137961422005,1506.4364278384357,D
2025-10-05 09:00:00,Aston Villa,Burnley,1487.9985894092893,1459.2650477520572,0.6249919613495873,1496.9987823368992,1450.2648548244472,H
2025-10-05 09:00:00,Everton,Crystal Palace,1501.740516411584,1544.6681279646862,0.5245493863970766,1513.151331138054,1533.257313238216,H
2025-10-05 09:00:00,Newcastle United,Nottingham Forest,1489.0964292457304,1462.4282974591113,0.6222012320632172,1502.6971848914545,1448.8275418133871,H
2025-10-05 11:30:00,Brentford,Manchester City,1486.9700533171874,1528.4036330161894,0.526693821903795,1474.3294015914964,1541.0442847418803,A
2025-10-18 07:30:00,Nottingham Forest,Chelsea,1448.8275418133871,1512.5259333455606,0.4946777877663,1428.0510747272026,1533.3024004317451,A
2025-10-18 10:00:00,Crystal Palace,AFC Bournemouth,1533.257313238216,1532.009149161602,0.5872413305502809,1531.1635213050092,1534.1029410948088,D
2025-10-18 10:00:00,Manchester City,Everton,1541.0442847418803,1513.151331138054,0.6238571705186099,1554.5854266032104,1499.610189276724,H
2025-10-18 10:00:00,Burnley,Leeds United,1450.2648548244472,1485.6014996609383,0.5354339224643161,1466.9892336157318,1468.8771208696537,H
2025-10-18 10:00:00,Brighton & Hove Albion,Newcastle United,1506.4364278384357,1502.6971848914545,0.5907127379714389,1516.2593221271213,1492.874290602769,H
2025-10-18 10:00:00,Sunderland,Wolverhampton Wanderers,1505.1023327753928,1431.4137961422005,0.6834285348920442,1516.4989055192793,1420.017223398314,H
2025-10-18 12:30:00,Fulham,Arsenal,1479.563542162035,1557.4163690958258,0.47433030532432957,1468.179614834251,1568.8002964236098,A
2025-10-19 09:00:00,Tottenham Hotspur,Aston Villa,1552.6014973936008,1496.9987823368992,0.6604864432378412,1536.7498227558926,1512.8504569746074,A
2025-10-19 11:30:00,Liverpool,Manchester United,1537.2750901671998,1494.0952791829832,0.6442711138233518,1521.8125834354394,1509.5577859147436,A
2025-10-20 15:00:00,West Ham United,Brentford,1445.3883884983907,1474.3294015914964,0.5445787885510096,1425.7835521105544,1493.9342379793327,A
2025-10-24 15:00:00,Leeds United,West Ham United,1468.8771208696537,1425.7835521105544,0.6441573263272434,1477.4173450377998,1417.2433279424083,H
2025-10-25 10:00:00,Newcastle United,Fulham,1492.874290602769,1468.179614834251,0.6195271594757539,1502.005638775351,1459.048266661669,H
2025-10-25 10:00:00,Chelsea,Sunderland,1533.3024004317451,1516.4989055192793,0.6087632241777251,1518.6920830514798,1531.1092228995446,A
2025-10-25 12:30:00,Manchester United,Brighton & Hove Albion,1509.5577859147436,1516.2593221271213,0.5761065794871811,1524.817949053205,1500.99915898866,H
2025-10-25 15:00:00,Brentford,Liverpool,1493.9342379793327,1521.8125834354394,0.5460955153444248,1504.8279456110665,1510.9188758037055,H
2025-10-26 10:00:00,Wolverhampton Wanderers,Burnley,1420.017223398314,1466.9892336157318,0.5187400020018965,1407.5674633502683,1479.4389936637774,A
2025-10-26 10:00:00,Arsenal,Crystal Palace,1568.8002964236098,1531.1635213050092,0.6369249936515068,1577.5140965759736,1522.4497211526455,H
2025-10-26 10:00:00,Aston Villa,Manchester City,1512.8504569746074,1554.5854266032104,0.5262613032559772,1524.220185696464,1543.215697881354,H
2025-10-26 10:00:00,AFC Bournemouth,Nottingham Forest,1534.1029410948088,1428.0510747272026,0.72229442570399,1544.100341769465,1418.0536740525463,H
2025-10-26 12:30:00,Everton,Tottenham Hotspur,1499.610189276724,1536.7498227558926,0.5328513179113855,1477.2304339244458,1559.1295781081708,A
2025-11-01 11:00:00,Burnley,Arsenal,1479.4389936637774,1577.5140965759736,0.44542382939291786,1463.4037358056323,1593.5493544341186,A
2025-11-01 11:00:00,Nottingham Forest,Manchester United,1418.0536740525463,1524.817949053205,0.4331042885443477,1419.6591711274818,1523.2124519782694,D
2025-11-01 11:00:00,Crystal Palace,Brentford,1522.4497211526455,1504.8279456110665,0.6098845267147871,1536.4938781909132,1490.7837885727988,H
2025-11-01 11:00:00,Brighton & Hove Albion,Leeds United,1500.99915898866,1477.4173450377998,0.6180159936128463,1517.0424872569204,1461.3740167695394,H
2025-11-01 11:00:00,Fulham,Wolverhampton Wanderers,1459.048266661669,1407.5674633502683,0.6551455746071408,1473.532152528169,1393.0835774837683,H
2025-11-01 13:30:00,Tottenham Hotspur,Chelsea,1559.1295781081708,1518.6920830514798,0.6406449939487889,1543.7540982534,1534.0675629062507,A
2025-11-01 16:00:00,Liverpool,Aston Villa,1510.9188758037055,1524.220185696464,0.5668030143586624,1526.5139672867938,1508.6250942133756,H
2025-11-02 09:00:00,West Ham United,Newcastle United,1417.2433279424083,1502.005638775351,0.4644243869557147,1436.5240500120026,1482.7249167057566,H
2025-11-02 11:30:00,Manchester City,AFC Bournemouth,1543.215697881354,1544.100341769465,0.5842622638309779,1558.1822563834387,1529.1337832673803,H
2025-11-03 15:00:00,Sunderland,Everton,1531.1092228995446,1477.2304339244458,0.6582575769554324,1527.3110410526142,1481.0286157713763,D
2025-11-08 07:30:00,Tottenham Hotspur,Manchester United,1543.7540982534,1523.2124519782694,0.6138761406174966,1541.02107087858,1525.9454793530892,D
2025-11-08 10:00:00,West Ham United,Burnley,1436.5240500120026,1463.4037358056323,0.5475201057811825,1447.3835674732543,1452.5442183443806,H
2025-11-08 10:00:00,Everton,Fulham,1481.0286157713763,1473.532152528169,0.5959313954227057,1495.575085536159,1458.9856827633864,H
2025-11-08 12:30:00,Sunderland,Arsenal,1527.3110410526142,1593.5493544341186,0.49102331003011124,1527.5264816118915,1593.3339138748413,D
2025-11-08 15:00:00,Chelsea,Wolverhampton Wanderers,1534.0675629062507,1393.0835774837683,0.760779313839835,1544.1148317249776,1383.0363086650414,H
2025-11-09 09:00:00,Aston Villa,AFC Bournemouth,1508.6250942133756,1529.1337832673803,0.5565890688172985,1527.248353323049,1510.5105241577069,H
2025-11-09 09:00:00,Crystal Palace,Brighton & Hove Albion,1536.4938781909132,1517.0424872569204,0.6123874639471489,1533.7965790561816,1519.739786391652,D
2025-11-09 09:00:00,Nottingham Forest,Leeds United,1419.6591711274818,1461.3740167695394,0.5262901840209179,1436.7127245027289,1444.3204633942923,H
2025-11-09 09:00:00,Brentford,Newcastle United,1490.7837885727988,1482.7249167057566,0.5967107297440535,1505.3022023020128,1468.2065029765427,H
2025-11-09 11:30:00,Manchester City,Liverpool,1558.1822563834387,1526.5139672867938,0.6289430343043758,1573.766648942655,1510.9295747275776,H
2025-11-22 07:30:00,Burnley,Chelsea,1452.5442183443806,1544.1148317249776,0.4546908710031096,1436.1753469882688,1560.4837030810895,A
2025-11-22 10:00:00,Brighton & Hove Albion,Brentford,1519.739786391652,1505.3022023020128,0.6055147515444089,1529.2074323545862,1495.8345563390785,H
2025-11-22 10:00:00,Wolverhampton Wanderers,Crystal Palace,1383.0363086650414,1533.7965790561816,0.37227762427793964,1369.6343141910356,1547.1985735301873,A
2025-11-22 10:00:00,Liverpool,Nottingham Forest,1510.9295747275776,1436.7127245027289,0.6840861470267818,1482.1979565524528,1465.4443426778537,A
2025-11-22 10:00:00,Fulham,Sunderland,1458.9856827633864,1527.5264816118915,0.48771127766535816,1471.2806120994178,1515.2315522758602,H
2025-11-22 10:00:00,AFC Bournemouth,West Ham United,1510.5105241577069,1447.3835674732543,0.6701305861415321,1506.4273900903102,1451.466701540651,D
2025-11-22 12:30:00,Newcastle United,Manchester City,1468.2065029765427,1573.766648942655,0.43480693338291754,1481.7711365753526,1560.202015343845,H
2025-11-23 09:00:00,Leeds United,Aston Villa,1444.3204633942923,1527.248353323049,0.4670519288142047,1433.1112171027514,1538.45759961459,A
2025-11-23 11:30:00,Arsenal,Tottenham Hotspur,1593.3339138748413,1541.02107087858,0.6562268838755243,1607.7723847520692,1526.5826000013521,H
2025-11-24 15:00:00,Manchester United,Everton,1525.9454793530892,1495.575085536159,0.6271977595096755,1510.892733124857,1510.6278317643912,A
2025-11-29 10:00:00,Sunderland,AFC Bournemouth,1515.2315522758602,1506.4273900903102,0.5977427325291,1524.8857266951618,1496.7732156710085,H
2025-11-29 10:00:00,Brentford,Burnley,1495.8345563390785,1436.1753469882688,0.665702994103938,1507.8692485513368,1424.1406547760105,H
2025-11-29 10:00:00,Manchester City,Leeds United,1560.202015343845,1433.1112171027514,0.7459222799359112,1566.2998806253831,1427.0133518212133,H
2025-11-29 12:30:00,Everton,Newcastle United,1510.6278317643912,1481.7711365753526,0.6251581032132589,1484.3711914294342,1508.0277769103095,A
2025-11-29 15:00:00,Tottenham Hotspur,Fulham,1526.5826000013521,1471.2806120994178,0.6600981409620629,1510.7402446182628,1487.1229674825072,A
2025-11-30 07:00:00,Crystal Palace,Manchester United,1547.1985735301873,1510.892733124857,0.635151413568975,1531.954939604532,1526.1363670505123,A
2025-11-30 09:05:00,Aston Villa,Wolverhampton Wanderers,1538.45759961459,1369.6343141910356,0.7887176011275414,1543.528377187529,1364.5635366180966,H
2025-11-30 09:05:00,Nottingham Forest,Brighton & Hove Albion,1465.4443426778537,1529.2074323545862,0.49458469038690717,1447.639293823925,1547.0124812085148,A
2025-11-30 09:05:00,West Ham United,Liverpool,1451.466701540651,1482.1979565524528,0.5420217509604086,1431.9539185060762,1501.7107395870275,A
2025-11-30 11:30:00,Chelsea,Arsenal,1560.4837030810895,1607.7723847520692,0.5182848999084488,1560.0448654832867,1608.211222349872,D
2025-12-02 14:30:00,AFC Bournemouth,Everton,1496.7732156710085,1484.3711914294342,0.6027123692555357,1482.3081188088756,1498.8362882915671,A
2025-12-02 14:30:00,Fulham,Manchester City,1487.1229674825072,1566.2998806253831,0.47243019548540155,1475.7846427908576,1577.6382053170328,A
2025-12-02 15:15:00,Newcastle United,Tottenham Hotspur,1508.0277769103095,1510.7402446182628,0.5817042757529755,1506.066874292238,1512.7011472363342,D
2025-12-03 14:30:00,Brighton & Hove Albion,Aston Villa,1547.0124812085148,1543.528377187529,0.5903576019118801,1532.8438987626298,1557.696959633414,A
2025-12-03 14:30:00,Arsenal,Brentford,1608.211222349872,1507.8692485513368,0.7156535102255358,1618.4476959817528,1497.632774919456,H
2025-12-03 14:30:00,Burnley,Crystal Palace,1424.1406547760105,1531.954939604532,0.4316208559132827,1413.7817542340917,1542.3138401464507,A
2025-12-03 14:30:00,Wolverhampton Wanderers,Nottingham Forest,1364.5635366180966,1447.639293823925,0.4668400606850173,1353.359375161656,1458.8434552803656,A
2025-12-03 15:15:00,Leeds United,Chelsea,1427.0133518212133,1560.0448654832867,0.39642027512744,1448.7422219166256,1538.3159953878744,H
2025-12-03 15:15:00,Liverpool,Sunderland,1501.7107395870275,1524.8857266951618,0.5527978897275087,1500.4435902335674,1526.152876048622,D
2025-12-04 15:00:00,Manchester United,West Ham United,1526.1363670505123,1431.9539185060762,0.7083833942810894,1521.135165587766,1436.9551199688224,D
2025-12-06 07:30:00,Aston Villa,Arsenal,1557.696959633414,1618.4476959817528,0.49891960522867984,1569.7228891079258,1606.421766507241,H
2025-12-06 10:00:00,Tottenham Hotspur,Brentford,1512.7011472363342,1497.632774919456,0.6063817691840664,1526.8714035457078,1483.4625186100825,H
2025-12-06 10:00:00,Newcastle United,Burnley,1506.066874292238,1413.7817542340917,0.7061220635946468,1513.1199447659665,1406.7286837603633,H
2025-12-06 10:00:00,AFC Bournemouth,Chelsea,1482.3081188088756,1538.3159953878744,0.5057448746021559,1482.1702418184238,1538.4538723783262,D
2025-12-06 10:00:00,Everton,Nottingham Forest,1498.8362882915671,1458.8434552803656,0.6400554950004987,1513.9539575015463,1443.7257860703864,H
2025-12-06 10:00:00,Manchester City,Sunderland,1577.6382053170328,1526.152876048622,0.6551514608473582,1592.1218439614438,1511.669237404211,H
2025-12-06 12:30:00,Leeds United,Liverpool,1448.7422219166256,1500.4435902335674,0.5119404203742882,1448.4556518276427,1500.7301603225503,D
2025-12-07 09:00:00,Brighton & Hove Albion,West Ham United,1532.8438987626298,1436.9551199688224,0.7104083144525718,1527.794099215768,1442.0049195156842,D
2025-12-07 11:30:00,Fulham,Crystal Palace,1475.7846427908576,1542.3138401464507,0.49060483565877405,1464.010126735047,1554.0883562022614,A
2025-12-08 15:00:00,Wolverhampton Wanderers,Manchester United,1353.359375161656,1521.135165587766,0.34968881828136344,1338.6724447938388,1535.8220959555833,A
2025-12-13 10:00:00,Liverpool,Brighton & Hove Albion,1500.7301603225503,1527.794099215768,0.5472573261449942,1517.0288965813306,1511.4953629569877,H
2025-12-13 10:00:00,Chelsea,Everton,1538.4538723783262,1513.9539575015463,0.6192628579811064,1552.1604094910065,1500.247420388866,H
2025-12-13 12:30:00,Burnley,Fulham,1406.7286837603633,1464.010126735047,0.503912238208748,1394.6347900433534,1476.1040204520568,A
2025-12-13 15:00:00,Arsenal,Wolverhampton Wanderers,1606.421766507241,1338.6724447938388,0.8683761518504501,1609.5807388628302,1335.5134724382497,H
2025-12-14 09:00:00,West Ham United,Aston Villa,1442.0049195156842,1569.7228891079258,0.40376160337877803,1432.3146410345935,1579.4131675890164,A
2025-12-14 09:00:00,Crystal Palace,Manchester City,1554.0883562022614,1592.1218439614438,0.5315702974926942,1531.7624037075682,1614.447796456137,A
2025-12-14 09:00:00,Sunderland,Newcastle United,1511.669237404211,1513.1199447659665,0.583470552264321,1521.6659441498673,1503.12323802031,H
2025-12-14 09:00:00,Nottingham Forest,Tottenham Hotspur,1443.7257860703864,1526.8714035457078,0.46673996720625194,1466.1227074477238,1504.4744821683705,H
2025-12-14 11:30:00,Brentford,Leeds United,1483.4625186100825,1448.4556518276427,0.6334168786062493,1480.2605135235326,1451.6576569141926,D
2025-12-15 15:00:00,Manchester United,AFC Bournemouth,1535.8220959555833,1482.1702418184238,0.657963648682218,1532.0309683872101,1485.961369386797,D
2025-12-20 07:30:00,Newcastle United,Chelsea,1503.12323802031,1552.1604094910065,0.5157715446236261,1502.744720949343,1552.5389265619735,D
2025-12-20 10:00:00,AFC Bournemouth,Burnley,1485.961369386797,1394.6347900433534,0.7049757428699787,1481.0419515579176,1399.5542078722328,D
2025-12-20 10:00:00,Wolverhampton Wanderers,Brentford,1335.5134724382497,1480.2605135235326,0.38040178991723755,1321.8190080012291,1493.9549779605532,A
2025-12-20 10:00:00,Manchester City,West Ham United,1614.447796456137,1432.3146410345935,0.8012030542943198,1622.7972681757756,1423.965169314955,H
2025-12-20 10:00:00,Brighton & Hove Albion,Sunderland,1511.4953629569877,1521.6659441498673,0.5712226292490576,1509.7860198550104,1523.3752872518446,D
2025-12-20 12:30:00,Tottenham Hotspur,Liverpool,1504.4744821683705,1517.0288965813306,0.5678583915829604,1490.8458807703794,1530.6574979793218,A
2025-12-20 15:00:00,Everton,Arsenal,1500.247420388866,1609.5807388628302,0.42947697191674084,1489.9399730628643,1619.888186188832,A
2025-12-20 15:00:00,Leeds United,Crystal Palace,1451.6576569141926,1531.7624037075682,0.4710991943765122,1473.871490750379,1509.5485698713817,H
2025-12-21 11:30:00,Aston Villa,Manchester United,1579.4131675890164,1532.0309683872101,0.6497957729377882,1587.8180690385095,1523.626066937717,H
2025-12-22 15:00:00,Fulham,Nottingham Forest,1476.1040204520568,1466.1227074477238,0.5993709664562105,1485.7191172571079,1456.5076106426727,H
2025-12-26 15:00:00,Manchester United,Newcastle United,1523.626066937717,1502.744720949343,0.6143395463835237,1532.8819178245126,1493.4888700625474,H
2025-12-27 07:30:00,Nottingham Forest,Manchester City,1456.5076106426727,1622.7972681757756,0.3516367443704057,1448.0683287777829,1631.2365500406654,A
2025-12-27 10:00:00,West Ham United,Fulham,1423.965169314955,1485.7191172571079,0.4974758874513771,1412.025748016122,1497.6585385559408,A
2025-12-27 10:00:00,Brentford,AFC Bournemouth,1493.9549779605532,1481.0419515579176,0.6034165142130469,1510.611484363605,1464.3854451548657,H
2025-12-27 10:00:00,Arsenal,Brighton & Hove Albion,1619.888186188832,1509.7860198550104,0.7269468261608735,1626.441462360971,1503.2327436828714,H
2025-12-27 10:00:00,Liverpool,Wolverhampton Wanderers,1530.6574979793218,1321.8190080012291,0.8245608595725008,1534.8680373495818,1317.6084686309691,H
2025-12-27 10:00:00,Burnley,Everton,1399.5542078722328,1489.9399730628643,0.4563825188393365,1400.6010274200887,1488.8931535150084,D
2025-12-27 12:30:00,Chelsea,Aston Villa,1552.5389265619735,1587.8180690385095,0.5355162584417705,1539.686536359371,1600.670459241112,A
2025-12-28 09:00:00,Sunderland,Leeds United,1523.3752872518446,1473.871490750379,0.6525698450022241,1519.7136109717912,1477.5331670304324,D
2025-12-28 11:30:00,Crystal Palace,Tottenham Hotspur,1509.5485698713817,1490.8458807703794,0.6113639389821528,1494.87583533581,1505.518615305951,A
2025-12-30 14:30:00,Chelsea,AFC Bournemouth,1539.686536359371,1464.3854451548657,0.685433436371844,1535.2361338864469,1468.83584762779,D
2025-12-30 14:30:00,West Ham United,Brighton & Hove Albion,1412.025748016122,1503.2327436828714,0.4552099109261224,1413.100710153895,1502.1577815450983,D
2025-12-30 14:30:00,Nottingham Forest,Everton,1448.0683287777829,1488.8931535150084,0.527567311107415,1429.075905577916,1507.8855767148752,A
2025-12-30 14:30:00,Burnley,Newcastle United,1400.6010274200887,1493.4888700625474,0.45281144682526453,1384.2998153343792,1509.790082148257,A
2025-12-30 15:15:00,Arsenal,Aston Villa,1626.441462360971,1600.670459241112,0.6209865152800489,1642.360028719209,1584.751892882874,H
2025-12-30 15:15:00,Manchester United,Wolverhampton Wanderers,1532.8819178245126,1317.6084686309691,0.8298551947751897,1524.965393149908,1325.5249933055736,D
2026-01-01 12:30:00,Crystal Palace,Fulham,1494.87583533581,1497.6585385559408,0.5816058944719609,1492.917293868483,1499.6170800232678,D
2026-01-01 12:30:00,Liverpool,Leeds United,1534.8680373495818,1477.5331670304324,0.6627188099486356,1530.9627859108145,1481.4384184691996,D
2026-01-01 15:00:00,Sunderland,Manchester City,1519.7136109717912,1631.2365500406654,0.42639132657379775,1521.48021913402,1629.4699418784367,D
2026-01-01 15:00:00,Brentford,Tottenham Hotspur,1510.611484363605,1505.518615305951,0.5925953027096021,1508.3891970985746,1507.7409025709815,D
2026-01-03 07:30:00,Aston Villa,Nottingham Forest,1584.751892882874,1429.075905577916,0.7758303568409313,1592.8220000366005,1421.0057984241896,H
2026-01-03 10:00:00,Brighton & Hove Albion,Burnley,1502.1577815450983,1384.2998153343792,0.7357185008497221,1511.6719155145083,1374.7856813649692,H
2026-01-03 10:00:00,Wolverhampton Wanderers,West Ham United,1325.5249933055736,1413.100710153895,0.46039847490884317,1348.188257359402,1390.4374461000666,H
2026-01-03 12:30:00,AFC Bournemouth,Arsenal,1468.83584762779,1642.360028719209,0.3422017680679036,1460.6230051941602,1650.5728711528386,A
2026-01-04 07:30:00,Leeds United,Manchester United,1481.4384184691996,1524.965393149908,0.5236888408323621,1480.869886289223,1525.5339253298848,D
2026-01-04 10:00:00,Everton,Brentford,1507.8855767148752,1508.3891970985746,0.5847949290218313,1486.8329592700893,1529.4418145433606,A
2026-01-04 10:00:00,Newcastle United,Crystal Palace,1509.790082148257,1492.917293868483,0.6088582226446422,1523.8711861330498,1478.8361898836902,H
2026-01-04 10:00:00,Tottenham Hotspur,Sunderland,1507.7409025709815,1521.48021913402,0.5661838200935257,1506.1524908887368,1523.0686308162647,D
2026-01-04 10:15:00,Fulham,Liverpool,1499.6170800232678,1530.9627859108145,0.5411436013059052,1498.629633591926,1531.9502323421564,D
2026-01-04 12:30:00,Manchester City,Chelsea,1629.4699418784367,1535.2361338864469,0.708444464560248,1624.4672747289908,1540.2388010358927,D
2026-01-06 15:00:00,West Ham United,Nottingham Forest,1390.4374461000666,1421.0057984241896,0.5422545216906685,1377.4233375794906,1434.0199069447656,A
2026-01-07 14:30:00,Crystal Palace,Aston Villa,1478.8361898836902,1592.8220000366005,0.4229274596672721,1480.6859308516757,1590.972259068615,D
2026-01-07 14:30:00,Manchester City,Brighton & Hove Albion,1624.4672747289908,1511.6719155145083,0.7300132982332175,1618.9469555713936,1517.1922346721055,D
2026-01-07 14:30:00,Fulham,Chelsea,1498.629633591926,1540.2388010358927,0.5264418442794018,1509.9950293292204,1528.8734052985983,H
2026-01-07 14:30:00,Brentford,Sunderland,1529.4418145433606,1523.0686308162647,0.594373411849576,1546.4781312456785,1506.0323141139468,H
2026-01-07 14:30:00,AFC Bournemouth,Tottenham Hotspur,1460.6230051941602,1506.1524908887368,0.5208127110076988,1472.1235001299754,1494.6519959529217,H
2026-01-07 14:30:00,Everton,Wolverhampton Wanderers,1486.8329592700893,1348.188257359402,0.7583199817623791,1480.633279707792,1354.3879369216993,D
2026-01-07 15:15:00,Newcastle United,Leeds United,1523.8711861330498,1480.869886289223,0.6440355692159457,1532.414332471867,1472.3267399504057,H
2026-01-07 15:15:00,Burnley,Manchester United,1374.7856813649692,1525.5339253298848,0.3722938024955334,1377.8506301050763,1522.4689765897776,D
2026-01-08 15:00:00,Arsenal,Liverpool,1650.5728711528386,1531.9502323421564,0.7365734860149201,1644.8951074884806,1537.6279960065144,D
2026-01-17 07:30:00,Manchester United,Manchester City,1522.4689765897776,1618.9469555713936,0.4476960153563373,1542.3519200369494,1599.0640121242218,H
2026-01-17 10:00:00,Sunderland,Crystal Palace,1506.0323141139468,1480.6859308516757,0.6204110474309897,1515.142448975603,1471.5757959900195,H
2026-01-17 10:00:00,Chelsea,Brentford,1528.8734052985983,1546.4781312456785,0.5607106809442591,1544.687820784605,1530.6637157596717,H
2026-01-17 10:00:00,Leeds United,Fulham,1472.3267399504057,1509.9950293292204,0.5320937299978927,1483.5564904304563,1498.7652788491698,H
2026-01-17 10:00:00,Tottenham Hotspur,West Ham United,1494.6519959529217,1377.4233375794906,0.7350135354393688,1477.0116711023768,1395.0636624300355,A
2026-01-17 10:00:00,Liverpool,Burnley,1537.6279960065144,1377.8506301050763,0.7799096981442295,1530.9101632510528,1384.568462860538,D
2026-01-17 12:30:00,Nottingham Forest,Arsenal,1434.0199069447656,1644.8951074884806,0.29556496149490674,1438.926347868888,1639.9886665643583,D
2026-01-18 09:00:00,Wolverhampton Wanderers,Newcastle United,1354.3879369216993,1532.414332471867,0.3363919820658323,1358.3145293521193,1528.487740041447,D
2026-01-18 11:30:00,Aston Villa,Everton,1590.972259068615,1480.633279707792,0.7272173320682612,1573.5190430989767,1498.0864956774303,A
2026-01-19 15:00:00,Brighton & Hove Albion,AFC Bournemouth,1517.1922346721055,1472.1235001299754,0.6467592425286964,1513.670012851417,1475.645721950664,D
2026-01-24 07:30:00,West Ham United,Sunderland,1395.0636624300355,1515.142448975603,0.41439125797305476,1416.1455771430055,1494.060534262633,H
2026-01-24 10:00:00,Burnley,Tottenham Hotspur,1384.568462860538,1477.0116711023768,0.45344570398521533,1385.6857659648927,1475.894367998022,D
2026-01-24 10:00:00,Manchester City,Wolverhampton Wanderers,1599.0640121242218,1358.3145293521193,0.849572646732108,1604.479396841866,1352.899144634475,H
2026-01-24 10:00:00,Fulham,Brighton & Hove Albion,1498.7652788491698,1513.670012851417,0.5645353098402622,1509.2164314130034,1503.2188602875833,H
2026-01-24 12:30:00,AFC Bournemouth,Liverpool,1475.645721950664,1530.9101632510528,0.5068145947979997,1487.482171675512,1519.0737135262048,H
2026-01-25 09:00:00,Newcastle United,Aston Villa,1528.487740041447,1573.5190430989767,0.5215283680197159,1509.7127187927374,1592.2940643476863,A
2026-01-25 09:00:00,Crystal Palace,Chelsea,1471.5757959900195,1544.687820784605,0.4811392328766101,1454.2547836064616,1562.008833168163,A
2026-01-25 09:00:00,Brentford,Nottingham Forest,1530.6637157596717,1438.926347868888,0.7054673240732627,1505.2668920930344,1464.3231715355253,A
2026-01-25 11:30:00,Arsenal,Manchester United,1639.9886665643583,1542.3519200369494,0.7124739851147076,1622.8892909216054,1559.4512956797023,A
2026-01-26 15:00:00,Everton,Leeds United,1498.0864956774303,1483.5564904304563,0.6056418259849934,1495.5510918537905,1486.0918942540961,D
2026-01-31 10:00:00,Wolverhampton Wanderers,AFC Bournemouth,1352.899144634475,1487.482171675512,0.39428527816294023,1338.7048746206092,1501.676441689378,A
2026-01-31 10:00:00,Leeds United,Arsenal,1486.0918942540961,1622.8892909216054,0.3912451366697451,1469.6595985139668,1639.3215866617347,A
2026-01-31 10:00:00,Brighton & Hove Albion,Everton,1503.2188602875833,1495.5510918537905,0.596168825905942,1500.9108084658408,1497.859143675533,D
2026-01-31 12:30:00,Chelsea,West Ham United,1562.008833168163,1416.1455771430055,0.7658535450001035,1567.6283480881605,1410.526062223008,H
2026-01-31 15:00:00,Liverpool,Newcastle United,1519.0737135262048,1509.7127187927374,0.5985132138200171,1535.936158545764,1492.850273773178,H
2026-02-01 09:00:00,Aston Villa,Brentford,1592.2940643476863,1505.2668920930344,0.6998022640294478,1575.4988100109797,1522.062146429741,A
2026-02-01 09:00:00,Nottingham Forest,Crystal Palace,1464.3231715355253,1454.2547836064616,0.5994913217745693,1461.9353798129357,1456.6425753290512,D
2026-02-01 09:00:00,Manchester United,Fulham,1559.4512956797023,1509.2164314130034,0.6535233620136803,1567.766734991374,1500.9009921013317,H
2026-02-01 11:30:00,Tottenham Hotspur,Manchester City,1475.894367998022,1604.479396841866,0.40256061178235336,1478.2329133152455,1602.1408515246426,D
2026-02-02 15:00:00,Sunderland,Burnley,1494.060534262633,1385.6857659648927,0.7249686016332635,1505.6118529940359,1374.1344472334897,H
2026-02-06 15:00:00,Leeds United,Nottingham Forest,1469.6595985139668,1461.9353798129357,0.5962470566081365,1484.1947044760739,1447.4002738508286,H
2026-02-07 07:30:00,Manchester United,Tottenham Hotspur,1567.766734991374,1478.2329133152455,0.7028248193162341,1578.4650414959897,1467.5346068106298,H
2026-02-07 10:00:00,AFC Bournemouth,Aston Villa,1501.676441689378,1575.4988100109797,0.4801185011080309,1502.1535976627852,1575.0216540375725,D
2026-02-07 10:00:00,Wolverhampton Wanderers,Chelsea,1338.7048746206092,1567.6283480881605,0.2744020554199848,1328.8264006254897,1577.50682208328,A
2026-02-07 10:00:00,Fulham,Everton,1500.9009921013317,1497.859143675533,0.5897417890249274,1486.7471891647333,1512.0129466121314,A
2026-02-07 10:00:00,Arsenal,Sunderland,1639.3215866617347,1505.6118529940359,0.7530754993093034,1649.692415690744,1495.2410239650267,H
2026-02-07 10:00:00,Burnley,West Ham United,1374.1344472334897,1410.526062223008,0.5339230027890017,1354.9132191330857,1429.747290323412,A
2026-02-07 12:30:00,Newcastle United,Brentford,1492.850273773178,1522.062146429741,0.5441920620384143,1479.789664284256,1535.122755918663,A
2026-02-08 09:00:00,Brighton & Hove Albion,Crystal Palace,1500.9108084658408,1456.6425753290512,0.645705767416792,1485.4138700478377,1472.1395137470543,A
2026-02-08 11:30:00,Liverpool,Manchester City,1535.936158545764,1602.1408515246426,0.4910716781674781,1524.1504382697447,1613.926571800662,A
2026-02-10 14:30:00,Everton,AFC Bournemouth,1512.0129466121314,1502.1535976627852,0.5992023670828424,1497.6320898021431,1516.5344544727734,A
2026-02-10 14:30:00,Chelsea,Leeds United,1577.50682208328,1484.1947044760739,0.7073473615520841,1572.53048540603,1489.1710411533238,D
2026-02-10 14:30:00,Tottenham Hotspur,Newcastle United,1467.5346068106298,1479.789664284256,0.5682812162057516,1453.895857621692,1493.428413473194,A
2026-02-10 15:15:00,West Ham United,Manchester United,1429.747290323412,1578.4650414959897,0.3750293431383431,1432.7465860880918,1575.4657457313099,D
2026-02-11 14:30:00,Aston Villa,Brighton & Hove Albion,1575.0216540375725,1485.4138700478377,0.7029137370328938,1582.151724348783,1478.283799736627,H
2026-02-11 14:30:00,Manchester City,Fulham,1613.926571800662,1486.7471891647333,0.7460189114122537,1624.5937775213474,1476.079983444048,H
2026-02-11 14:30:00,Nottingham Forest,Wolverhampton Wanderers,1447.4002738508286,1328.8264006254897,0.7365190139868327,1441.7238175151447,1334.5028569611736,D
2026-02-11 14:40:00,Crystal Palace,Burnley,1472.1395137470543,1354.9132191330857,0.7350108852348252,1454.4992525014184,1372.5534803787216,A
2026-02-11 15:15:00,Sunderland,Liverpool,1495.2410239650267,1524.1504382697447,0.5446239010183651,1482.170050340586,1537.2214118941854,A
2026-02-12 15:00:00,Brentford,Arsenal,1535.122755918663,1649.692415690744,0.42210741010622244,1536.9921780761135,1647.8229935332934,D
2026-02-18 15:00:00,Wolverhampton Wanderers,Arsenal,1334.5028569611736,1647.8229935332934,0.18873850901648973,1341.9731327447778,1640.3527177496892,D
2026-02-21 10:00:00,Brentford,Brighton & Hove Albion,1536.9921780761135,1478.283799736627,0.6644838220063441,1513.0707604838851,1502.2052173288555,A
2026-02-21 10:00:00,Chelsea,Burnley,1572.53048540603,1372.5534803787216,0.817059049259659,1564.9210682237983,1380.1628975609533,D
2026-02-21 10:00:00,Aston Villa,Leeds United,1582.151724348783,1489.1710411533238,0.7069522586821319,1577.184870140412,1494.137895361695,D
2026-02-21 12:30:00,West Ham United,AFC Bournemouth,1432.7465860880918,1516.5344544727734,0.4658198978696796,1433.5669085392194,1515.7141320216458,D
2026-02-21 15:00:00,Manchester City,Newcastle United,1624.5937775213474,1493.428413473194,0.7503418450016511,1630.5855732413079,1487.4366177532336,H
2026-02-22 09:00:00,Crystal Palace,Wolverhampton Wanderers,1454.4992525014184,1341.9731327447778,0.7297077200729174,1460.9862672196684,1335.4861180265277,H
2026-02-22 09:00:00,Sunderland,Fulham,1482.170050340586,1476.079983444048,0.5939804287449404,1460.786754905768,1497.4632788788658,A
2026-02-22 09:00:00,Nottingham Forest,Liverpool,1441.7238175151447,1537.2214118941854,0.44909187144630064,1430.9456126004334,1547.9996168088967,A
2026-02-22 11:30:00,Tottenham Hotspur,Arsenal,1453.895857621692,1640.3527177496892,0.3256460200272163,1440.2187247805489,1654.0298505908322,A
2026-02-23 15:00:00,Everton,Manchester United,1497.6320898021431,1575.4657457313099,0.474357821977659,1486.2475020746792,1586.8503334587738,A
2026-02-27 15:00:00,Wolverhampton Wanderers,Aston Villa,1335.4861180265277,1577.184870140412,0.26000509095558144,1362.1259347521268,1550.5450534148129,H
2026-02-28 07:30:00,AFC Bournemouth,Sunderland,1515.7141320216458,1460.786754905768,0.6596141382241192,1511.883392704267,1464.6174942231469,D
2026-02-28 10:00:00,Burnley,Brentford,1380.1628975609533,1513.0707604838851,0.3965905987626361,1370.64472319065,1522.5889348541884,A
2026-02-28 10:00:00,Newcastle United,Everton,1487.4366177532336,1486.2475020746792,0.5871589377032532,1473.3448032483554,1500.3393165795574,A
2026-02-28 10:00:00,Liverpool,West Ham United,1547.9996168088967,1433.5669085392194,0.731866942518829,1559.261205223106,1422.3053201250102,H
2026-02-28 12:30:00,Leeds United,Manchester City,1494.137895361695,1630.5855732413079,0.3917247166059126,1484.736502163153,1639.9869664398498,A
2026-03-01 09:00:00,Fulham,Tottenham Hotspur,1497.4632788788658,1440.2187247805489,0.6626025902873979,1505.5608167119683,1432.1211869474464,H
2026-03-01 09:00:00,Manchester United,Crystal Palace,1586.8503334587738,1460.9862672196684,0.7445816200812441,1592.9803745768238,1454.8562261016184,H
2026-03-01 09:00:00,Brighton & Hove Albion,Nottingham Forest,1502.2052173288555,1430.9456126004334,0.6803957326902678,1509.875719744289,1423.275110185,H
2026-03-01 11:30:00,Arsenal,Chelsea,1654.0298505908322,1564.9210682237983,0.7023135381709076,1661.1743256747304,1557.7765931399001,H
2026-03-03 14:30:00,AFC Bournemouth,Brentford,1511.883392704267,1522.5889348541884,0.5704682148555268,1510.1921555477343,1524.2801720107211,D
2026-03-03 14:30:00,Everton,Burnley,1500.3393165795574,1370.64472319065,0.7487524770772985,1509.3842274047747,1361.5998123654326,H
2026-03-03 14:30:00,Leeds United,Sunderland,1484.736502163153,1464.6174942231469,0.6132993049580894,1470.017318844159,1479.336677542141,A
2026-03-03 15:15:00,Wolverhampton Wanderers,Liverpool,1362.1259347521268,1559.261205223106,0.3122944929833626,1378.6308669205262,1542.7562730547065,H
2026-03-04 14:30:00,Brighton & Hove Albion,Arsenal,1509.875719744289,1661.1743256747304,0.371553736764662,1500.9584300619372,1670.0916153570822,A
2026-03-04 14:30:00,Aston Villa,Chelsea,1550.5450534148129,1557.7765931399001,0.5753613423774169,1526.3798770349613,1581.9417695197517,A
2026-03-04 14:30:00,Manchester City,Nottingham Forest,1639.9869664398498,1423.275110185,0.8310211221305701,1632.042459508716,1431.2196171161336,D
2026-03-04 14:30:00,Fulham,West Ham United,1505.5608167119683,1422.3053201250102,0.6952214387150839,1488.8755021828063,1438.9906346541723,A
2026-03-04 15:15:00,Newcastle United,Manchester United,1473.3448032483554,1592.9803745768238,0.4150105323754,1487.3845504713458,1578.9406273538334,H
2026-03-05 15:00:00,Tottenham Hotspur,Crystal Palace,1432.1211869474464,1454.8562261016184,0.5534238819268344,1412.1979271980804,1474.7794858509844,A
2026-03-14 11:00:00,Burnley,AFC Bournemouth,1361.5998123654326,1510.1921555477343,0.37519856051017175,1364.5950469131885,1507.1969209999784,D
2026-03-14 11:00:00,Sunderland,Brighton & Hove Albion,1479.336677542141,1500.9584300619372,0.555007191845576,1466.016504937847,1514.278602666231,A
2026-03-14 13:30:00,Arsenal,Everton,1670.0916153570822,1509.3842274047747,0.7808272757716922,1677.9818334293013,1501.4940093325556,H
2026-03-14 13:30:00,Chelsea,Newcastle United,1581.9417695197517,1487.3845504713458,0.7088288518662874,1564.9298770749608,1504.3964429161367,A
2026-03-14 16:00:00,West Ham United,Manchester City,1438.9906346541723,1632.042459508716,0.31736497993261076,1443.3738751357896,1627.6592190270987,D
2026-03-15 10:00:00,Manchester United,Aston Villa,1578.9406273538334,1526.3798770349613,0.6565487491279601,1591.3048723852269,1514.0156320035678,H
2026-03-15 10:00:00,Nottingham Forest,Fulham,1431.2196171161336,1488.8755021828063,0.5033734013771823,1431.1386554830813,1488.9564638158586,D
2026-03-15 10:00:00,Crystal Palace,Leeds United,1474.7794858509844,1470.017318844159,0.5921356252045954,1472.5682308460741,1472.2285738490693,D
2026-03-15 12:30:00,Liverpool,Tottenham Hotspur,1542.7562730547065,1412.1979271980804,0.7496866931745735,1536.7637924185167,1418.1904078342702,D
2026-03-16 16:00:00,Brentford,Wolverhampton Wanderers,1524.2801720107211,1378.6308669205262,0.7656326197438847,1517.904989136868,1385.0060497943794,D
2026-03-20 16:00:00,AFC Bournemouth,Manchester United,1507.1969209999784,1591.3048723852269,0.4653614430144655,1508.0282463676313,1590.473547017574,D
2026-03-21 08:45:00,Brighton & Hove Albion,Liverpool,1514.278602666231,1536.7637924185167,0.5537793118262635,1524.9878991824007,1526.054495902347,H
2026-03-21 11:00:00,Fulham,Burnley,1488.9564638158586,1364.5950469131885,0.7429330976557736,1498.2108723002507,1355.3406384287964,H
2026-03-21 13:30:00,Everton,Chelsea,1501.4940093325556,1564.9298770749608,0.4950555500293828,1522.7016762313215,1543.722210176195,H
2026-03-21 16:00:00,Leeds United,Brentford,1472.2285738490693,1517.904989136868,0.5206016249945608,1471.7341348491998,1518.3994281367375,D
2026-03-22 08:00:00,Newcastle United,Sunderland,1504.3964429161367,1466.016504937847,0.6379137046339246,1489.0865140049225,1481.3264338490612,A
2026-03-22 10:15:00,Tottenham Hotspur,Nottingham Forest,1418.1904078342702,1431.1386554830813,0.5673019740267737,1394.3637249251458,1454.9653383922057,A
2026-03-22 10:15:00,Aston Villa,West Ham United,1514.0156320035678,1443.3738751357896,0.6796218240966273,1525.5492463360893,1431.8402608032682,H
2026-04-10 15:00:00,West Ham United,Wolverhampton Wanderers,1431.8402608032682,1385.0060497943794,0.6490775982930869,1446.5790016749586,1370.267308922689,H
2026-04-11 07:30:00,Arsenal,AFC Bournemouth,1677.9818334293013,1508.0282463676313,0.7897998279596139,1659.0266375582705,1526.983442238662,A
2026-04-11 10:00:00,Burnley,Brighton & Hove Albion,1355.3406384287964,1524.9878991824007,0.34724294063436273,1342.8398925659594,1537.4886450452377,A
2026-04-11 10:00:00,Brentford,Everton,1518.3994281367375,1522.7016762313215,0.5794758389038575,1516.492008003045,1524.609096365014,D
2026-04-11 12:30:00,Liverpool,Fulham,1526.054495902347,1498.2108723002507,0.6237905328094907,1539.5980367212055,1484.6673314813922,H
2026-04-12 09:00:00,Nottingham Forest,Aston Villa,1454.9653383922057,1525.5492463360893,0.4847732418932903,1455.3307805867667,1525.1838041415283,D
2026-04-12 09:00:00,Crystal Palace,Newcastle United,1472.5682308460741,1489.0865140049225,0.562250556947944,1483.0742174793236,1478.580527371673,H
2026-04-12 09:00:00,Sunderland,Tottenham Hotspur,1481.3264338490612,1394.3637249251458,0.6997243019543118,1488.5330506021578,1387.1571081720492,H
2026-04-12 11:30:00,Chelsea,Manchester City,1543.722210176195,1627.6592190270987,0.4656062767604545,1524.166746552256,1647.214682651038,A
2026-04-13 15:00:00,Manchester United,Leeds United,1590.473547017574,1471.7341348491998,0.7367038945322851,1572.792653548799,1489.4150283179747,A
2026-04-18 07:30:00,Brentford,Fulham,1516.492008003045,1484.6673314813922,0.6291531018627002,1513.3923335583402,1487.767005926097,D
2026-04-18 10:00:00,Newcastle United,AFC Bournemouth,1478.580527371673,1526.983442238662,0.5166833515574117,1466.1801269342952,1539.3838426760399,A
2026-04-18 10:00:00,Leeds United,Wolverhampton Wanderers,1489.4150283179747,1370.267308922689,0.7371595519166885,1500.4543271374737,1359.22801010319,H
2026-04-18 12:30:00,Tottenham Hotspur,Brighton & Hove Albion,1387.1571081720492,1537.4886450452377,0.37285454265967843,1390.208599148217,1534.43715406907,D
2026-04-18 15:00:00,Chelsea,Manchester United,1524.166746552256,1572.792653548799,0.5163627905481701,1511.7740395791,1585.185360521955,A
2026-04-19 09:00:00,Nottingham Forest,Burnley,1455.3307805867667,1342.8398925659594,0.7296677170738205,1466.6847364696662,1331.48593668306,H
2026-04-19 09:00:00,Everton,Liverpool,1524.609096365014,1539.5980367212055,0.5644161422397773,1511.0631089512594,1553.14402413496,A
2026-04-19 09:00:00,Aston Villa,Sunderland,1525.1838041415283,1488.5330506021578,0.6356113933062674,1533.9291307021779,1479.7877240415082,H
2026-04-19 11:30:00,Manchester City,Arsenal,1647.214682651038,1659.0266375582705,0.5689068905414362,1657.5609172780435,1648.680402931265,H
2026-04-20 15:00:00,Crystal Palace,West Ham United,1483.0742174793236,1446.5790016749586,0.6354039971819214,1479.8245215469574,1449.8286976073248,D
2026-04-21 15:00:00,Brighton & Hove Albion,Chelsea,1534.43715406907,1511.7740395791,0.616766758514694,1550.5329502114528,1495.6782434367171,H
2026-04-22 15:00:00,AFC Bournemouth,Leeds United,1539.3838426760399,1500.4543271374737,0.6386441183208076,1536.0563838363405,1503.781785977173,D
2026-04-22 15:00:00,Burnley,Manchester City,1331.48593668306,1657.5609172780435,0.17775229560058925,1327.2198815886456,1661.8269723724577,A
2026-04-24 15:00:00,Sunderland,Nottingham Forest,1479.7877240415082,1466.6847364696662,0.60367816569296,1454.4332410824038,1492.0392194287706,A
2026-04-25 07:30:00,Fulham,Aston Villa,1487.767005926097,1533.9291307021779,0.5199037797946374,1499.2893152110257,1522.4068214172491,H
2026-04-25 10:00:00,Liverpool,Crystal Palace,1553.14402413496,1479.8245215469574,0.6829687485111464,1564.557149188559,1468.4113964933586,H
2026-04-25 10:00:00,West Ham United,Everton,1449.8286976073248,1511.0631089512594,0.4982235467503862,1461.8713324853154,1499.0204740732688,H
2026-04-25 10:00:00,Wolverhampton Wanderers,Tottenham Hotspur,1359.22801010319,1390.208599148217,0.5416654434746555,1346.2280394597983,1403.2085697916086,A
2026-04-25 12:30:00,Arsenal,Newcastle United,1648.680402931265,1466.1801269342952,0.8015394420725561,1653.4434563215236,1461.4170735440366,H
2026-04-27 15:00:00,Manchester United,Brentford,1585.185360521955,1513.3923335583402,0.6810630926103971,1592.8398462993055,1505.7378477809898,H
2026-05-01 15:00:00,Leeds United,Burnley,1503.781785977173,1327.2198815886456,0.7960455602791219,1511.1241458071247,1319.877521758694,H
2026-05-02 10:00:00,Wolverhampton Wanderers,Sunderland,1346.2280394597983,1454.4332410824038,0.4310688883248867,1347.882386140001,1452.778894402201,D
2026-05-02 10:00:00,Brentford,West Ham United,1505.7378477809898,1461.8713324853154,0.6451765651104712,1520.64043204635,1446.9687482199552,H
2026-05-02 10:00:00,Newcastle United,Brighton & Hove Albion,1461.4170735440366,1550.5329502114528,0.45819669840694965,1480.9219924013864,1531.028031354103,H
2026-05-02 12:30:00,Arsenal,Fulham,1653.4434563215236,1499.2893152110257,0.7743030793771357,1662.922726987684,1489.8100445448654,H
2026-05-03 09:00:00,AFC Bournemouth,Crystal Palace,1536.0563838363405,1468.4113964933586,0.6758541243957709,1549.670510611718,1454.797269717981,H
2026-05-03 10:30:00,Manchester United,Liverpool,1592.8398462993055,1564.557149188559,0.624383492729422,1601.8546424737992,1555.5423530140652,H
2026-05-03 14:00:00,Aston Villa,Tottenham Hotspur,1522.4068214172491,1403.2085697916086,0.737215908920801,1504.7136396031499,1420.901751605708,A
2026-05-04 10:00:00,Chelsea,Nottingham Forest,1495.6782434367171,1492.0392194287706,0.5905732512780784,1474.4176063907064,1513.2998564747813,A
2026-05-04 15:00:00,Everton,Manchester City,1499.0204740732688,1661.8269723724577,0.35622155007219436,1502.471156871536,1658.3762895741904,D
2026-05-09 07:30:00,Liverpool,Chelsea,1555.5423530140652,1474.4176063907064,0.6926162963156179,1550.9195619024904,1479.0403975022812,D
2026-05-09 10:00:00,Fulham,AFC Bournemouth,1489.8100445448654,1549.670510611718,0.5002008054607238,1477.805225213808,1561.6753299427755,A
2026-05-09 10:00:00,Sunderland,Manchester United,1452.778894402201,1601.8546424737992,0.3745464535389724,1455.7897795172657,1598.8437573587346,D
2026-05-09 10:00:00,Brighton & Hove Albion,Wolverhampton Wanderers,1531.028031354103,1347.882386140001,0.8021297468696025,1539.3385819855796,1339.5718355085244,H
2026-05-09 12:30:00,Manchester City,Brentford,1658.3762895741904,1520.64043204635,0.7573598633323497,1668.5671753142317,1510.4495463063088,H
2026-05-10 09:00:00,Burnley,Aston Villa,1319.877521758694,1504.7136396031499,0.32769816121339057,1324.0127658895726,1500.5783954722713,D
2026-05-10 09:00:00,Crystal Palace,Everton,1454.797269717981,1502.471156871536,0.5177312638038855,1454.3717193866878,1502.8967072028292,D
2026-05-10 09:00:00,Nottingham Forest,Newcastle United,1513.2998564747813,1480.9219924013864,0.6298957791529419,1510.1823577751106,1484.0394911010571,D
2026-05-10 11:30:00,West Ham United,Arsenal,1446.9687482199552,1662.922726987684,0.2895144774334948,1440.0204007615512,1669.871074446088,A
2026-05-11 15:00:00,Tottenham Hotspur,Leeds United,1420.901751605708,1511.1241458071247,0.45661584897519514,1421.942971230303,1510.0829261825295,D
2026-05-13 15:00:00,Manchester City,Crystal Palace,1668.5671753142317,1454.3717193866878,0.8289772216446595,1675.750132005156,1447.1887626957634,H
2026-05-15 15:00:00,Aston Villa,Liverpool,1500.5783954722713,1550.9195619024904,0.5138965990140433,1518.0781179077658,1533.4198394669959,H
2026-05-17 07:30:00,Manchester United,Nottingham Forest,1598.8437573587346,1510.1823577751106,0.7017748329472376,1606.0011613680008,1503.0249537658444,H
2026-05-17 10:00:00,Brentford,Crystal Palace,1510.4495463063088,1447.1887626957634,0.6703008583431133,1506.362325706074,1451.2759832959982,D
2026-05-17 10:00:00,Leeds United,Brighton & Hove Albion,1510.0829261825295,1539.3385819855796,0.5441295445405286,1521.0238171135568,1528.3976910545523,H
2026-05-17 10:00:00,Everton,Sunderland,1502.8967072028292,1455.7897795172657,0.6494350961063717,1479.517043743,1479.169442977095,A
2026-05-17 10:00:00,Wolverhampton Wanderers,Fulham,1339.5718355085244,1477.805225213808,0.3892781260520786,1342.2291604832744,1475.147900239058,D
2026-05-17 12:30:00,Newcastle United,West Ham United,1484.0394911010571,1440.0204007615512,0.6453776015020206,1496.8058974469843,1427.253994415624,H
2026-05-18 15:00:00,Arsenal,Burnley,1669.871074446088,1324.0127658895726,0.9118397618261253,1671.986920162261,1321.8969201733996,H
2026-05-19 14:30:00,AFC Bournemouth,Manchester City,1561.6753299427755,1675.750132005156,0.4228024379789487,1563.5280714312808,1673.8973905166508,D
2026-05-19 15:15:00,Chelsea,Tottenham Hotspur,1479.0403975022812,1421.942971230303,0.6624132229049617,1487.142480152562,1413.8408885800222,H
2026-05-24 11:00:00,Manchester City,Aston Villa,1673.8973905166508,1518.0781179077658,0.7759737743239566,1655.274019932876,1536.7014884915407,A
2026-05-24 11:00:00,Nottingham Forest,AFC Bournemouth,1503.0249537658444,1563.5280714312808,0.4992759559833127,1503.0423308222448,1563.5106943748804,D
2026-05-24 11:00:00,Crystal Palace,Arsenal,1451.2759832959982,1671.986920162261,0.2839144833225644,1444.4620356962566,1678.8008677620026,A
2026-05-24 11:00:00,Fulham,Newcastle United,1475.147900239058,1496.8058974469843,0.5549556622599386,1491.1694963977002,1480.784301288342,H
2026-05-24 11:00:00,Liverpool,Brentford,1533.4198394669959,1506.362325706074,0.6227279811863654,1530.474367918523,1509.3077972545468,D
2026-05-24 11:00:00,West Ham United,Leeds United,1427.253994415624,1521.0238171135568,0.45155378495601933,1450.2887354474713,1497.9890760817095,H
2026-05-24 11:00:00,Brighton & Hove Albion,Manchester United,1528.3976910545523,1606.0011613680008,0.4746882256333234,1508.4607855779527,1625.9380668446004,A
2026-05-24 11:00:00,Tottenham Hotspur,Everton,1413.8408885800222,1479.517043743,0.4918320827635555,1426.036918593697,1467.3210137293252,H
2026-05-24 11:00:00,Sunderland,Chelsea,1479.169442977095,1487.142480152562,0.5743181494591596,1489.3858073900751,1476.9261157395817,H
2026-05-24 11:00:00,Burnley,Wolverhampton Wanderers,1321.8969201733996,1342.2291604832744,0.5568397318777022,1320.5327666083347,1343.5933140483394,D
