date,home_team,away_team,foulsCommitted_home,yellowCards_home,redCards_home,offsides_home,wonCorners_home,saves_home,possessionPct_home,totalShots_home,shotsOnTarget_home,shotPct_home,penaltyKickGoals_home,penaltyKickShots_home,accuratePasses_home,totalPasses_home,passPct_home,accurateCrosses_home,totalCrosses_home,crossPct_home,accurateLongBalls_home,totalLongBalls_home,longballPct_home,blockedShots_home,effectiveTackles_home,totalTackles_home,tacklePct_home,interceptions_home,effectiveClearance_home,totalClearance_home,foulsCommitted_away,yellowCards_away,redCards_away,offsides_away,wonCorners_away,saves_away,possessionPct_away,totalShots_away,shotsOnTarget_away,shotPct_away,penaltyKickGoals_away,penaltyKickShots_away,accuratePasses_away,totalPasses_away,passPct_away,accurateCrosses_away,totalCrosses_away,crossPct_away,accurateLongBalls_away,totalLongBalls_away,longballPct_away,blockedShots_away,effectiveTackles_away,totalTackles_away,tacklePct_away,interceptions_away,effectiveClearance_away,totalClearance_away,home_goals,away_goals,result
2025-08-15 15:00:00,Liverpool,AFC Bournemouth,7,1,0,2,6,1,61.2,19,10,50,0,0,401,489,80,5,17,30,29,51,60,2,13,16,80,4,41,41,10,2,0,2,7,6,38.8,10,3,30,0,0,209,299,70,5,20,30,24,70,30,3,12,20,60,11,45,45,4,2,H
2025-08-16 07:30:00,Aston Villa,Newcastle United,13,1,1,2,3,3,39.9,3,3,100,0,0,227,310,70,3,11,30,17,59,30,0,5,11,50,10,20,20,11,1,0,1,6,3,60.1,16,3,20,0,0,376,451,80,6,26,20,21,43,50,7,8,10,80,12,22,22,0,0,D
2025-08-16 10:00:00,Tottenham Hotspur,Burnley,14,0,0,0,6,4,67.3,16,6,40,0,0,451,511,90,8,27,30,20,42,50,1,9,12,80,1,26,26,8,0,0,4,5,3,32.7,14,4,30,0,0,181,246,70,3,14,20,18,45,40,3,2,6,30,7,25,25,3,0,H
2025-08-16 10:00:00,Brighton & Hove Albion,Fulham,16,3,0,3,4,1,49.8,10,4,40,1,1,374,427,90,4,11,40,28,50,60,1,9,19,50,9,27,27,15,3,0,2,3,3,50.2,7,2,30,0,0,349,423,80,3,14,20,29,53,50,1,8,15,50,2,15,15,1,1,D
2025-08-16 10:00:00,Sunderland,West Ham United,8,0,0,0,5,4,37.2,10,5,50,0,0,250,323,80,5,17,30,18,55,30,1,5,14,40,9,32,32,10,1,0,0,7,2,62.8,12,4,30,0,0,468,550,90,5,26,20,26,59,40,6,7,12,60,4,16,16,3,0,H
2025-08-16 12:30:00,Wolverhampton Wanderers,Manchester City,13,1,0,4,4,0,41.6,9,3,30,0,0,326,394,80,4,20,20,24,48,50,3,17,25,70,6,20,20,7,2,0,0,6,3,58.4,15,4,30,0,0,510,563,90,6,20,30,13,30,40,4,11,18,60,7,22,22,0,4,A
2025-08-17 09:00:00,Nottingham Forest,Brentford,7,1,0,2,5,2,54.4,11,5,50,0,0,343,417,80,5,24,20,18,54,30,2,7,12,60,9,24,24,15,2,0,0,5,2,45.6,10,3,30,1,1,271,346,80,3,16,20,14,44,30,3,6,20,30,5,27,27,3,1,H
2025-08-17 09:00:00,Chelsea,Crystal Palace,10,2,0,0,11,4,71.5,19,3,20,0,0,510,568,90,6,29,20,21,49,40,9,6,13,50,11,19,19,12,3,0,0,2,2,28.5,11,4,40,0,0,168,226,70,0,11,0,18,43,40,4,13,16,80,7,41,41,0,0,D
2025-08-17 11:30:00,Manchester United,Arsenal,10,1,0,1,3,2,61.1,22,7,30,0,0,393,475,80,3,15,20,41,67,60,8,11,22,50,4,23,23,19,4,0,2,4,7,38.9,9,3,30,0,0,219,294,70,2,11,20,20,49,40,3,10,18,60,4,30,30,0,1,A
2025-08-18 15:00:00,Leeds United,Everton,6,0,0,1,7,1,54.4,21,3,10,1,1,401,481,80,7,26,30,25,56,40,11,7,15,50,9,30,30,8,2,0,2,2,2,45.6,7,1,10,0,0,324,411,80,4,11,40,18,56,30,3,12,16,80,2,31,31,1,0,H
2025-08-22 15:00:00,West Ham United,Chelsea,7,0,0,4,7,2,40.8,12,4,30,0,0,339,392,90,7,16,40,15,35,40,3,6,11,50,7,29,29,10,1,0,2,5,3,59.2,12,7,60,0,0,505,577,90,3,15,20,17,43,40,1,13,19,70,4,17,17,1,5,A
2025-08-23 07:30:00,Manchester City,Tottenham Hotspur,7,1,0,0,7,3,61.4,10,4,40,0,0,456,525,90,5,19,30,15,39,40,3,10,20,50,6,23,23,12,4,0,1,2,4,38.6,12,5,40,0,0,259,331,80,4,11,40,20,58,30,2,16,24,70,7,25,25,0,2,A
2025-08-23 10:00:00,Brentford,Aston Villa,11,1,0,1,2,2,23.6,9,2,20,0,0,128,178,70,5,11,50,23,48,50,3,15,28,50,11,45,45,9,2,0,0,9,1,76.4,17,2,10,0,0,514,587,90,4,27,10,25,41,60,8,12,14,90,6,12,12,1,0,H
2025-08-23 10:00:00,Burnley,Sunderland,9,0,0,0,4,1,41.9,7,2,30,0,0,356,442,80,4,15,30,15,57,30,1,11,22,50,7,29,29,5,1,0,2,3,0,58.1,9,1,10,0,0,530,616,90,5,24,20,16,44,40,5,8,18,40,7,27,27,2,0,H
2025-08-23 10:00:00,AFC Bournemouth,Wolverhampton Wanderers,13,2,0,2,8,1,58.8,14,4,30,0,0,387,447,90,3,20,20,23,51,50,5,9,12,80,6,32,32,16,4,1,2,3,3,41.2,6,1,20,0,0,225,307,70,5,17,30,29,59,50,2,14,21,70,9,30,30,1,0,H
2025-08-23 12:30:00,Arsenal,Leeds United,8,0,0,0,2,1,67.5,18,5,30,1,1,549,599,90,8,19,40,24,35,70,4,8,12,70,5,7,7,11,2,0,0,2,0,32.5,3,1,30,0,0,219,290,80,1,5,20,13,37,40,2,12,18,70,6,20,20,5,0,H
2025-08-24 09:00:00,Everton,Brighton & Hove Albion,7,4,0,0,2,4,42.4,11,3,30,0,0,272,362,80,4,12,30,31,69,40,1,8,15,50,8,35,35,15,3,0,6,2,1,57.6,13,4,30,0,1,411,490,80,3,11,30,12,44,30,4,8,17,50,5,24,24,2,0,H
2025-08-24 09:00:00,Crystal Palace,Nottingham Forest,11,3,0,2,1,0,42.1,8,4,50,0,0,287,377,80,6,18,30,8,49,20,0,11,20,60,7,21,21,11,3,0,2,3,3,57.9,9,1,10,0,0,442,514,90,3,26,10,31,56,60,1,7,12,60,10,15,15,1,1,D
2025-08-24 11:30:00,Fulham,Manchester United,12,1,0,2,9,3,52.4,13,4,30,0,0,353,419,80,10,33,30,21,43,50,5,8,10,80,8,24,24,10,1,0,1,6,2,47.6,10,3,30,0,1,328,397,80,4,14,30,22,56,40,1,11,17,60,5,27,27,1,1,D
2025-08-25 15:00:00,Newcastle United,Liverpool,17,2,1,0,7,1,37.6,10,3,30,0,0,170,247,70,6,26,20,12,51,20,3,5,12,40,8,21,21,15,3,0,0,1,1,62.4,5,4,80,0,0,370,445,80,2,9,20,15,49,30,1,8,13,60,2,43,43,2,3,A
2025-08-30 07:30:00,Chelsea,Fulham,11,2,0,3,6,1,53.8,13,6,50,1,1,429,494,90,4,13,30,17,47,40,6,9,19,50,18,20,20,17,2,0,1,4,4,46.2,11,3,30,0,0,337,415,80,5,15,30,25,62,40,2,12,29,40,6,20,20,2,0,H
2025-08-30 10:00:00,Wolverhampton Wanderers,Everton,15,0,0,2,2,1,58.5,12,4,30,0,0,421,524,80,8,16,50,22,61,40,5,13,23,60,10,19,19,10,1,0,1,2,2,41.5,10,4,40,0,0,275,371,70,2,13,20,23,64,40,4,11,16,70,16,28,28,2,3,A
2025-08-30 10:00:00,Manchester United,Burnley,9,1,0,1,7,1,61.8,26,6,20,1,1,418,508,80,13,26,50,32,55,60,7,9,16,60,3,17,17,9,5,0,1,1,5,38.2,6,3,50,0,0,225,318,70,1,9,10,24,67,40,2,14,20,70,9,39,39,3,2,H
2025-08-30 10:00:00,Sunderland,Brentford,11,3,0,0,3,3,54.1,12,3,30,1,1,340,419,80,3,18,20,23,51,50,3,14,28,50,7,34,34,12,2,0,3,4,1,45.9,7,4,60,0,1,283,354,80,6,16,40,17,46,40,1,7,9,80,4,34,34,2,1,H
2025-08-30 10:00:00,Tottenham Hotspur,AFC Bournemouth,17,2,0,2,0,5,61.4,5,1,20,0,0,394,477,80,5,20,30,19,52,40,1,8,16,50,4,33,33,13,4,0,3,8,1,38.6,20,6,30,0,0,208,296,70,5,18,30,19,57,30,5,13,28,50,9,31,31,0,1,A
2025-08-30 12:30:00,Leeds United,Newcastle United,10,1,0,1,5,2,43.0,10,1,10,0,0,328,414,80,4,17,20,16,57,30,3,14,18,80,13,18,18,15,1,0,0,5,1,57.0,8,2,30,0,0,463,547,80,2,21,10,30,64,50,3,4,10,40,8,6,6,0,0,D
2025-08-31 09:00:00,Brighton & Hove Albion,Manchester City,16,2,0,1,3,2,36.3,12,7,60,1,1,235,315,70,3,8,40,14,49,30,3,13,17,80,8,10,10,14,2,0,0,2,5,63.7,12,3,30,0,0,493,565,90,1,5,20,19,42,50,1,7,15,50,9,15,15,2,1,H
2025-08-31 09:00:00,Nottingham Forest,West Ham United,14,0,0,0,9,5,58.4,11,3,30,0,0,470,541,90,4,35,10,11,29,40,5,14,19,70,6,16,16,6,0,0,0,7,3,41.6,12,8,70,1,1,316,385,80,7,18,40,13,43,30,0,9,16,60,6,32,32,0,3,A
2025-08-31 11:30:00,Liverpool,Arsenal,7,2,0,1,3,1,53.0,9,3,30,0,0,368,435,80,1,7,10,27,60,50,4,9,11,80,7,29,29,10,2,0,0,8,2,47.0,11,1,10,0,0,303,371,80,3,17,20,25,50,50,7,6,14,40,9,19,19,1,0,H
2025-08-31 14:00:00,Aston Villa,Crystal Palace,7,2,0,0,10,1,58.4,13,4,30,0,0,475,531,90,6,31,20,29,45,60,1,5,11,50,6,17,17,14,3,0,2,1,4,41.6,6,4,70,1,1,328,386,90,2,11,20,17,39,40,1,16,26,60,10,37,37,0,3,A
2025-09-13 07:30:00,Arsenal,Nottingham Forest,8,1,0,2,8,1,54.2,16,5,30,0,0,415,478,90,5,20,30,15,30,50,5,11,13,80,7,15,15,11,1,0,0,4,2,45.8,5,1,20,0,0,350,409,90,2,13,20,18,43,40,3,8,12,70,11,19,19,3,0,H
2025-09-13 10:00:00,Newcastle United,Wolverhampton Wanderers,10,1,0,1,10,3,56.7,16,4,30,0,0,361,449,80,8,25,30,21,52,40,5,5,10,50,6,20,20,17,4,0,0,4,3,43.3,8,3,40,0,0,259,343,80,3,15,20,22,66,30,2,8,16,50,14,34,34,1,0,H
2025-09-13 10:00:00,Fulham,Leeds United,20,1,0,1,3,3,54.0,5,3,60,0,0,382,451,80,3,22,10,19,39,50,0,16,24,70,6,23,23,15,2,0,3,3,3,46.0,10,3,30,0,0,313,388,80,1,13,10,23,52,40,4,11,18,60,7,30,30,1,0,H
2025-09-13 10:00:00,Crystal Palace,Sunderland,10,1,0,0,5,0,55.9,14,6,40,0,0,410,491,80,5,20,30,27,58,50,4,6,10,60,6,25,25,8,1,0,2,3,6,44.1,6,0,0,0,0,310,386,80,4,17,20,21,51,40,2,9,13,70,10,34,34,0,0,D
2025-09-13 10:00:00,Everton,Aston Villa,17,3,0,2,10,1,48.3,20,2,10,0,0,281,343,80,8,22,40,25,49,50,9,16,23,70,5,17,17,15,3,0,2,3,2,51.7,7,1,10,0,0,313,384,80,3,10,30,14,49,30,5,11,16,70,4,19,19,0,0,D
2025-09-13 10:00:00,AFC Bournemouth,Brighton & Hove Albion,16,4,0,1,4,1,51.3,13,5,40,1,1,309,393,80,4,19,20,25,56,40,4,14,18,80,3,35,35,10,4,0,0,4,3,48.7,6,2,30,0,0,293,374,80,3,17,20,24,52,50,2,16,20,80,6,35,35,2,1,H
2025-09-13 12:30:00,West Ham United,Tottenham Hotspur,8,0,1,0,2,2,36.0,7,4,60,0,0,239,310,80,3,9,30,17,58,30,0,9,13,70,5,41,41,7,1,0,4,13,4,64.0,14,5,40,0,0,465,534,90,5,31,20,23,42,50,5,11,16,70,3,10,10,0,3,A
2025-09-13 15:00:00,Brentford,Chelsea,13,3,0,0,5,4,34.3,7,4,60,0,0,215,284,80,6,18,30,28,50,60,1,10,17,60,6,33,33,9,2,0,4,6,3,65.7,16,6,40,0,0,516,570,90,3,17,20,23,41,60,7,9,15,60,13,33,33,2,2,D
2025-09-14 09:00:00,Burnley,Liverpool,9,0,1,3,1,3,19.0,3,0,0,0,0,80,168,50,0,3,0,15,62,20,0,11,16,70,17,48,48,9,2,0,1,13,0,81.0,27,4,10,1,1,610,697,90,10,44,20,15,28,50,12,7,10,70,7,12,12,0,1,A
2025-09-14 11:30:00,Manchester City,Manchester United,8,0,0,2,2,2,45.3,13,6,50,0,0,352,430,80,1,2,50,22,55,40,0,7,13,50,10,33,33,8,0,0,3,4,3,54.7,12,2,20,0,0,420,501,80,6,23,30,36,58,60,2,15,23,70,13,10,10,3,0,H
2025-09-20 07:30:00,Liverpool,Everton,11,2,0,1,5,1,57.2,11,3,30,0,0,404,475,90,2,12,20,14,43,30,5,7,18,40,12,37,37,10,3,0,1,4,1,42.8,9,2,20,0,0,263,345,80,5,20,30,23,61,40,3,13,18,70,10,23,23,2,1,H
2025-09-20 10:00:00,Burnley,Nottingham Forest,12,1,0,1,4,7,36.7,12,5,40,0,0,269,348,80,8,26,30,16,46,30,3,9,11,80,10,35,35,11,1,0,2,5,4,63.3,17,8,50,0,0,564,628,90,5,30,20,19,37,50,7,6,11,50,7,29,29,1,1,D
2025-09-20 10:00:00,West Ham United,Crystal Palace,15,3,0,1,8,1,56.6,8,3,40,0,0,375,450,80,7,22,30,21,47,40,1,6,9,70,7,22,22,5,3,0,2,8,2,43.4,18,3,20,0,0,284,345,80,8,18,40,22,48,50,6,16,22,70,10,35,35,1,2,A
2025-09-20 10:00:00,Wolverhampton Wanderers,Leeds United,11,1,0,0,4,1,55.9,16,6,40,0,0,425,507,80,14,35,40,24,46,50,4,14,28,50,3,16,16,9,1,0,2,0,5,44.1,6,4,70,0,0,351,416,80,0,7,0,16,45,40,0,13,20,70,7,49,49,1,3,A
2025-09-20 10:00:00,Brighton & Hove Albion,Tottenham Hotspur,10,1,0,0,2,2,36.1,12,4,30,0,0,236,307,80,2,8,30,22,57,40,1,17,25,70,5,40,40,13,2,0,1,10,2,63.9,11,3,30,0,0,464,523,90,3,32,10,27,46,60,2,10,26,40,9,17,17,2,2,D
2025-09-20 12:30:00,Manchester United,Chelsea,13,0,1,3,5,0,41.2,11,4,40,0,0,292,371,80,8,26,30,13,55,20,4,16,21,80,10,19,19,14,5,1,2,5,2,58.8,5,1,20,0,0,466,550,80,2,15,10,21,45,50,2,13,16,80,8,29,29,2,1,H
2025-09-20 15:00:00,Fulham,Brentford,11,4,0,2,2,2,53.0,14,3,20,0,0,382,456,80,5,13,40,22,49,40,6,9,19,50,6,39,39,13,1,0,2,10,2,47.0,8,3,40,0,0,324,398,80,2,21,10,17,46,40,3,6,13,50,5,18,18,3,1,H
2025-09-21 09:00:00,Sunderland,Aston Villa,14,2,1,0,6,1,28.6,14,4,30,0,0,151,218,70,2,12,20,16,49,30,4,13,20,70,8,34,34,8,1,0,3,5,3,71.4,12,2,20,0,0,488,547,90,4,26,20,15,32,50,6,7,11,60,3,28,28,1,1,D
2025-09-21 09:00:00,AFC Bournemouth,Newcastle United,7,2,0,3,5,1,56.1,11,2,20,0,0,409,498,80,0,21,0,17,61,30,6,8,15,50,16,28,28,10,1,0,2,2,2,43.9,4,1,30,0,0,298,390,80,2,16,10,21,56,40,1,11,19,60,8,35,35,0,0,D
2025-09-21 11:30:00,Arsenal,Manchester City,11,1,0,4,11,2,66.8,12,3,30,0,0,517,582,90,5,32,20,33,53,60,3,13,20,70,5,18,18,10,2,0,2,2,2,33.2,5,3,60,0,0,229,300,80,0,4,0,19,47,40,0,9,13,70,5,60,60,1,1,D
2025-09-27 07:30:00,Brentford,Manchester United,14,2,0,2,4,5,44.2,10,8,80,0,0,274,359,80,7,14,50,21,50,40,1,8,14,60,7,24,24,10,2,0,1,2,5,55.8,14,6,40,0,1,370,458,80,4,14,30,18,41,40,4,9,16,60,4,29,29,3,1,H
2025-09-27 10:00:00,Leeds United,AFC Bournemouth,12,2,0,0,7,3,41.4,19,8,40,0,0,280,357,80,9,16,60,32,60,50,6,16,27,60,9,25,25,13,2,0,2,4,6,58.6,12,5,40,0,0,436,509,90,3,21,10,24,46,50,3,11,23,50,7,30,30,2,2,D
2025-09-27 10:00:00,Chelsea,Brighton & Hove Albion,9,3,1,2,5,0,59.5,13,3,20,0,0,396,470,80,3,14,20,15,53,30,6,11,21,50,10,8,8,16,5,0,2,7,2,40.5,12,3,30,0,0,266,316,80,5,13,40,16,29,60,2,13,21,60,12,26,26,1,3,A
2025-09-27 10:00:00,Manchester City,Burnley,5,1,0,1,10,1,68.5,21,8,40,0,0,566,638,90,9,23,40,10,26,40,6,6,8,80,4,19,19,7,3,0,1,2,5,31.5,9,2,20,0,0,242,295,80,1,7,10,31,53,60,5,9,20,50,10,31,31,5,1,H
2025-09-27 10:00:00,Crystal Palace,Liverpool,10,1,0,2,2,3,28.1,16,7,40,0,0,175,270,60,2,8,30,23,71,30,2,16,24,70,9,32,32,8,3,0,1,6,5,71.9,20,4,20,0,0,609,688,90,8,26,30,19,45,40,5,5,7,70,10,36,36,2,1,H
2025-09-27 12:30:00,Nottingham Forest,Sunderland,11,4,0,0,7,2,64.6,22,6,30,0,0,521,578,90,8,42,20,23,38,60,6,9,16,60,1,20,20,6,2,0,1,4,6,35.4,11,3,30,0,0,258,318,80,3,19,20,33,62,50,3,7,10,70,6,42,42,0,1,A
2025-09-27 15:00:00,Tottenham Hotspur,Wolverhampton Wanderers,9,3,0,2,10,2,51.3,10,3,30,0,0,325,398,80,9,32,30,26,48,50,2,12,17,70,10,19,19,11,2,0,0,9,2,48.7,9,3,30,0,0,321,394,80,4,15,30,22,60,40,1,14,31,50,10,41,41,1,1,D
2025-09-28 09:00:00,Aston Villa,Fulham,10,1,0,2,2,3,48.3,9,4,40,0,0,340,403,80,1,10,10,17,36,50,2,4,10,40,7,26,26,13,4,0,4,8,1,51.7,11,4,40,0,0,357,414,90,7,30,20,26,46,60,3,7,16,40,9,23,23,3,1,H
2025-09-28 11:30:00,Newcastle United,Arsenal,8,2,0,1,7,5,36.6,8,3,40,0,0,194,279,70,3,15,20,20,55,40,4,8,12,70,8,41,41,9,1,0,0,12,2,63.4,20,7,40,0,0,405,495,80,9,23,40,22,58,40,6,6,13,50,10,29,29,1,2,A
2025-09-29 15:00:00,Everton,West Ham United,7,3,0,0,3,2,51.8,12,6,50,0,0,380,447,90,3,22,10,25,45,60,3,6,11,50,5,37,37,16,4,0,2,5,5,48.2,14,3,20,0,0,332,416,80,4,18,20,19,55,30,6,7,16,40,6,36,36,1,1,D
2025-10-03 15:00:00,AFC Bournemouth,Fulham,8,0,0,2,4,3,53.5,11,6,50,0,0,460,536,90,1,25,0,25,51,50,3,7,10,70,8,23,23,10,1,0,2,3,3,46.5,12,4,30,0,0,383,473,80,3,17,20,22,57,40,4,9,11,80,7,38,38,3,1,H
2025-10-04 07:30:00,Leeds United,Tottenham Hotspur,10,2,0,1,4,1,56.5,16,4,30,0,0,401,478,80,10,21,50,16,40,40,2,11,19,60,6,25,25,12,3,0,2,1,3,43.5,9,3,30,0,0,298,374,80,1,10,10,11,48,20,2,10,15,70,6,34,34,1,2,A
2025-10-04 10:00:00,Manchester United,Sunderland,10,1,0,1,2,3,50.2,15,6,40,0,0,351,448,80,5,7,70,19,59,30,2,10,17,60,10,24,24,12,4,0,2,3,4,49.8,8,3,40,0,0,341,428,80,4,20,20,16,52,30,1,9,21,40,10,31,31,2,0,H
2025-10-04 10:00:00,Arsenal,West Ham United,14,0,0,1,8,0,67.9,21,5,20,1,1,498,566,90,3,23,10,10,27,40,9,14,23,60,7,27,27,14,2,0,1,3,3,32.1,4,0,0,0,0,210,268,80,2,11,20,14,45,30,1,7,17,40,12,50,50,2,0,H
2025-10-04 12:30:00,Chelsea,Liverpool,9,0,0,2,7,1,53.2,12,6,50,0,0,422,508,80,3,20,20,29,67,40,2,12,21,60,13,12,12,8,2,0,2,2,4,46.8,12,2,20,0,0,370,450,80,3,11,30,16,43,40,5,12,16,80,9,26,26,2,1,H
2025-10-05 09:00:00,Everton,Crystal Palace,13,2,0,0,2,5,50.3,14,7,50,1,1,351,433,80,6,19,30,24,49,50,2,10,19,50,11,35,35,16,3,0,1,4,5,49.7,15,8,50,0,0,349,432,80,3,14,20,17,52,30,3,15,31,50,14,38,38,2,1,H
2025-10-05 09:00:00,Newcastle United,Nottingham Forest,16,0,0,0,8,4,51.3,18,9,50,1,1,387,464,80,5,26,20,13,42,30,5,11,16,70,9,16,16,15,4,0,2,1,7,48.7,5,4,80,0,0,372,452,80,3,14,20,20,51,40,0,8,13,60,9,38,38,2,0,H
2025-10-05 09:00:00,Wolverhampton Wanderers,Brighton & Hove Albion,13,2,0,1,2,5,41.5,6,3,50,0,0,270,353,80,3,15,20,31,64,50,0,14,26,50,9,32,32,9,4,0,3,8,3,58.5,17,6,40,0,0,427,492,90,13,31,40,26,44,60,5,10,19,50,9,16,16,1,1,D
2025-10-05 09:00:00,Aston Villa,Burnley,9,3,0,3,6,1,55.0,15,7,50,0,0,434,496,90,8,11,70,21,38,60,3,10,15,70,5,23,23,15,1,0,5,4,5,45.0,5,2,40,0,0,331,409,80,3,7,40,23,55,40,2,11,27,40,13,5,5,2,1,H
2025-10-05 11:30:00,Brentford,Manchester City,10,3,0,1,3,3,30.0,6,1,20,0,0,249,311,80,2,14,10,17,45,40,2,10,16,60,11,14,14,6,2,0,1,2,1,70.0,10,4,40,0,0,698,764,90,2,9,20,18,30,60,4,10,14,70,6,21,21,0,1,A
2025-10-18 07:30:00,Nottingham Forest,Chelsea,13,2,0,1,5,3,49.7,12,2,20,0,0,367,445,80,5,23,20,15,46,30,2,10,19,50,9,15,15,16,2,1,2,2,2,50.3,17,6,40,0,0,397,463,90,3,9,30,28,57,50,5,8,15,50,13,19,19,0,3,A
2025-10-18 10:00:00,Crystal Palace,AFC Bournemouth,8,1,0,3,6,2,52.3,20,7,40,1,1,308,404,80,6,19,30,36,69,50,7,14,23,60,6,32,32,16,4,0,3,5,4,47.7,8,5,60,0,0,280,364,80,2,12,20,20,52,40,0,7,18,40,12,47,47,3,3,D
2025-10-18 10:00:00,Manchester City,Everton,8,0,0,0,11,1,71.1,19,7,40,0,0,685,749,90,5,18,30,23,38,60,7,9,15,60,5,26,26,14,2,0,1,3,5,28.9,5,1,20,0,0,237,300,80,1,10,10,25,56,40,2,11,18,60,7,28,28,2,0,H
2025-10-18 10:00:00,Burnley,Leeds United,10,2,0,1,1,4,31.1,4,3,80,0,0,221,292,80,1,7,10,23,49,50,0,8,14,60,17,50,50,7,1,0,0,5,1,68.9,19,4,20,0,0,526,615,90,18,47,40,13,39,30,3,6,13,50,12,12,12,2,0,H
2025-10-18 10:00:00,Brighton & Hove Albion,Newcastle United,9,0,0,3,8,2,45.6,13,5,40,0,0,341,421,80,4,18,20,16,45,40,5,14,21,70,5,30,30,9,1,0,1,4,3,54.4,16,3,20,0,0,419,491,90,7,24,30,17,36,50,5,13,17,80,7,22,22,2,1,H
2025-10-18 10:00:00,Sunderland,Wolverhampton Wanderers,5,0,0,2,3,3,41.2,8,2,30,0,0,248,341,70,3,12,30,15,56,30,3,9,14,60,7,36,36,12,0,0,2,2,1,58.8,16,3,20,0,0,393,466,80,11,31,40,29,60,50,5,12,15,80,8,40,40,2,0,H
2025-10-18 12:30:00,Fulham,Arsenal,11,0,0,0,6,4,37.0,9,0,0,0,0,248,313,80,2,18,10,19,54,40,3,13,20,70,7,35,35,4,0,0,2,10,0,63.0,16,5,30,0,0,475,546,90,5,24,20,20,48,40,4,5,9,60,1,29,29,0,1,A
2025-10-19 09:00:00,Tottenham Hotspur,Aston Villa,11,2,0,6,6,0,52.6,10,3,30,0,0,336,382,90,5,22,20,25,41,60,2,15,25,60,6,29,29,7,0,0,1,6,2,47.4,8,2,30,0,0,292,348,80,0,16,0,15,42,40,2,15,24,60,2,29,29,1,2,A
2025-10-19 11:30:00,Liverpool,Manchester United,8,0,0,1,9,2,63.5,19,6,30,0,0,408,480,90,9,48,20,27,47,60,2,7,13,50,5,28,28,14,2,0,1,4,5,36.5,12,4,30,0,0,200,294,70,4,12,30,18,75,20,3,9,15,60,6,46,46,1,2,A
2025-10-20 15:00:00,West Ham United,Brentford,10,1,0,3,6,4,43.7,7,1,10,0,0,257,344,70,2,20,10,19,56,30,3,12,16,80,2,39,39,10,1,0,2,10,1,56.3,22,7,30,0,0,371,451,80,13,24,50,22,48,50,5,8,11,70,7,26,26,0,2,A
2025-10-24 15:00:00,Leeds United,West Ham United,12,3,0,1,3,2,41.0,13,5,40,0,0,296,369,80,5,11,50,20,58,30,3,13,21,60,12,39,39,11,3,0,1,4,3,59.0,9,3,30,0,0,431,525,80,3,23,10,21,51,40,3,6,12,50,4,12,12,2,1,H
2025-10-25 10:00:00,Newcastle United,Fulham,11,0,0,0,4,4,50.8,18,7,40,0,0,381,452,80,6,19,30,22,44,50,5,9,14,60,7,20,20,18,2,0,1,3,5,49.2,12,5,40,0,0,351,444,80,1,13,10,22,50,40,5,11,19,60,9,21,21,2,1,H
2025-10-25 10:00:00,Chelsea,Sunderland,15,1,0,3,9,2,68.4,16,7,40,0,0,567,629,90,4,29,10,19,39,50,4,8,8,100,3,18,18,13,1,0,2,1,6,31.6,10,4,40,0,0,230,293,80,1,9,10,19,49,40,4,8,14,60,8,33,33,1,2,A
2025-10-25 12:30:00,Manchester United,Brighton & Hove Albion,4,2,0,2,1,3,43.6,13,9,70,0,0,361,442,80,1,9,10,27,56,50,1,13,21,60,14,15,15,13,2,0,2,6,5,56.4,17,5,30,0,0,485,568,90,5,17,30,20,44,50,4,12,18,70,12,18,18,4,2,H
2025-10-25 15:00:00,Brentford,Liverpool,7,3,0,2,5,3,33.7,17,8,50,1,1,201,288,70,6,19,30,22,64,30,2,9,15,60,14,35,35,10,2,0,0,4,5,66.3,18,5,30,0,0,490,586,80,7,21,30,24,61,40,6,12,21,60,4,41,41,3,2,H
2025-10-26 10:00:00,Wolverhampton Wanderers,Burnley,12,1,0,2,5,4,57.1,15,7,50,1,1,414,493,80,12,44,30,28,53,50,2,6,14,40,9,24,24,7,0,0,2,3,5,42.9,11,7,60,0,0,308,391,80,1,10,10,27,63,40,3,8,19,40,5,42,42,2,3,A
2025-10-26 10:00:00,Arsenal,Crystal Palace,6,0,0,2,4,1,59.7,10,3,30,0,0,449,540,80,4,10,40,18,53,30,3,7,12,60,6,28,28,11,0,0,1,3,2,40.3,7,1,10,0,0,265,360,70,3,10,30,19,63,30,3,9,16,60,12,44,44,1,0,H
2025-10-26 10:00:00,Aston Villa,Manchester City,8,1,0,1,5,3,47.0,9,3,30,0,0,388,449,90,3,12,30,25,59,40,5,11,18,60,7,19,19,16,4,0,3,6,2,53.0,18,4,20,0,0,455,504,90,7,21,30,10,20,50,9,8,14,60,11,19,19,1,0,H
2025-10-26 10:00:00,AFC Bournemouth,Nottingham Forest,17,3,0,3,6,4,52.3,13,5,40,0,0,359,447,80,2,10,20,17,48,40,4,7,9,80,12,16,16,7,1,0,0,4,3,47.7,8,4,50,0,0,318,409,80,3,13,20,30,69,40,2,10,19,50,9,18,18,2,0,H
2025-10-26 12:30:00,Everton,Tottenham Hotspur,9,2,0,2,9,1,53.5,12,2,20,0,0,374,442,80,3,33,10,16,37,40,5,10,19,50,6,27,27,8,0,0,2,8,2,46.5,7,4,60,0,0,329,395,80,4,15,30,14,45,30,1,11,20,60,6,54,54,0,3,A
2025-11-01 11:00:00,Fulham,Wolverhampton Wanderers,13,1,0,3,10,2,63.3,19,6,30,0,0,477,549,90,6,21,30,19,41,50,8,2,6,30,4,22,22,14,3,1,0,1,4,36.7,5,2,40,0,0,243,316,80,4,16,30,31,68,50,1,12,17,70,10,31,31,3,0,H
2025-11-01 11:00:00,Brighton & Hove Albion,Leeds United,10,0,0,3,4,2,49.8,14,7,50,0,0,431,491,90,2,10,20,19,39,50,2,15,24,60,3,14,14,7,1,0,1,7,4,50.2,5,2,40,0,0,423,486,90,4,19,20,22,47,50,1,8,12,70,6,19,19,3,0,H
2025-11-01 11:00:00,Nottingham Forest,Manchester United,10,1,0,2,8,4,41.2,17,3,20,0,0,263,350,80,5,25,20,23,62,40,6,10,17,60,11,17,17,7,1,0,1,5,1,58.8,18,7,40,0,0,442,525,80,5,13,40,31,62,50,5,10,12,80,10,22,22,2,2,D
2025-11-01 11:00:00,Crystal Palace,Brentford,7,0,0,1,6,2,35.7,10,3,30,0,0,178,268,70,2,17,10,17,56,30,4,7,13,50,12,31,31,11,3,0,3,5,2,64.3,6,2,30,0,0,392,493,80,1,17,10,27,68,40,2,11,16,70,4,38,38,2,0,H
2025-11-01 11:00:00,Burnley,Arsenal,10,2,0,0,1,5,46.4,3,0,0,0,0,348,427,80,1,13,10,27,57,50,0,9,14,60,7,28,28,13,1,0,1,6,0,53.6,12,8,70,0,0,426,494,90,4,14,30,13,43,30,1,7,16,40,6,28,28,0,2,A
2025-11-01 13:30:00,Tottenham Hotspur,Chelsea,14,4,0,1,6,8,47.9,3,1,30,0,0,294,387,80,0,16,0,13,46,30,1,19,30,60,4,20,20,12,2,0,1,5,1,52.1,15,9,60,0,0,343,425,80,3,13,20,26,53,50,1,12,20,60,17,19,19,0,1,A
2025-11-01 16:00:00,Liverpool,Aston Villa,13,2,0,8,1,3,53.4,16,4,30,0,0,408,467,90,1,11,10,19,42,50,5,8,12,70,6,25,25,11,3,0,0,4,2,46.6,10,3,30,0,0,336,398,80,1,18,10,21,48,40,1,7,11,60,6,26,26,2,0,H
2025-11-02 09:00:00,West Ham United,Newcastle United,5,1,0,4,7,3,37.4,15,9,60,0,0,245,320,80,6,21,30,20,62,30,3,13,21,60,7,41,41,10,2,0,0,6,7,62.6,12,4,30,0,0,467,545,90,2,27,10,22,44,50,2,5,8,60,9,19,19,3,1,H
2025-11-02 11:30:00,Manchester City,AFC Bournemouth,8,2,0,0,10,4,48.4,15,8,50,0,0,425,493,90,4,16,30,16,34,50,3,7,10,70,9,23,23,11,2,0,3,4,4,51.6,8,5,60,0,0,461,521,90,1,20,10,26,46,60,1,10,23,40,5,27,27,3,1,H
2025-11-03 15:00:00,Sunderland,Everton,10,3,0,2,4,1,60.7,17,3,20,0,0,449,529,80,6,21,30,29,59,50,7,10,14,70,5,21,21,12,2,0,0,1,2,39.3,8,2,30,0,0,267,347,80,2,9,20,13,46,30,3,6,14,40,8,45,45,1,1,D
2025-11-08 07:30:00,Tottenham Hotspur,Manchester United,10,5,0,2,5,0,54.9,10,4,40,0,0,385,464,80,5,29,20,14,44,30,3,15,26,60,7,17,17,8,1,0,3,3,2,45.1,5,2,40,0,0,305,396,80,4,12,30,29,59,50,1,8,21,40,6,23,23,2,2,D
2025-11-08 10:00:00,West Ham United,Burnley,15,2,0,2,7,5,42.6,15,6,40,0,0,308,374,80,4,18,20,25,55,50,8,10,14,70,13,30,30,13,2,0,1,4,3,57.4,16,7,40,0,0,440,517,90,3,13,20,21,50,40,7,11,16,70,7,28,28,3,2,H
2025-11-08 10:00:00,Everton,Fulham,11,2,0,5,7,4,50.1,14,5,40,0,0,342,406,80,6,22,30,16,40,40,4,10,15,70,4,23,23,14,2,0,1,5,3,49.9,8,4,50,0,0,338,411,80,2,14,10,22,47,50,3,12,17,70,13,34,34,2,0,H
2025-11-08 12:30:00,Sunderland,Arsenal,13,2,0,2,2,5,35.2,6,2,30,0,0,226,287,80,0,11,0,12,41,30,2,8,16,50,6,39,39,13,1,0,0,2,0,64.8,17,7,40,0,0,460,529,90,4,22,20,10,36,30,4,4,12,30,3,25,25,2,2,D
2025-11-08 15:00:00,Chelsea,Wolverhampton Wanderers,12,1,0,0,10,0,64.1,20,8,40,0,0,543,614,90,4,26,20,25,44,60,6,8,9,90,7,15,15,14,2,0,0,1,5,35.9,3,0,0,0,0,279,346,80,1,9,10,29,58,50,0,3,10,30,12,30,30,3,0,H
2025-11-09 09:00:00,Aston Villa,AFC Bournemouth,8,2,0,0,6,3,51.8,16,8,50,0,0,271,346,80,3,16,20,20,48,40,6,12,20,60,6,22,22,20,2,0,2,9,4,48.2,12,3,30,0,1,253,316,80,2,21,10,17,38,40,4,9,16,60,11,35,35,4,0,H
2025-11-09 09:00:00,Crystal Palace,Brighton & Hove Albion,10,1,0,2,4,3,42.2,10,2,20,0,0,272,373,70,6,11,50,17,57,30,1,14,21,70,14,32,32,12,4,0,1,8,2,57.8,7,3,40,0,0,423,503,80,4,26,20,25,46,50,3,11,16,70,4,22,22,0,0,D
2025-11-09 09:00:00,Nottingham Forest,Leeds United,10,2,0,2,6,2,45.5,14,6,40,1,1,277,348,80,6,26,20,23,58,40,6,17,27,60,6,27,27,11,1,0,1,4,3,54.5,10,3,30,0,0,353,435,80,2,13,20,19,55,30,2,10,15,70,9,28,28,3,1,H
2025-11-09 09:00:00,Brentford,Newcastle United,10,2,0,2,6,0,48.8,15,7,50,1,1,321,423,80,5,16,30,28,61,50,4,12,17,70,10,16,16,13,1,1,0,2,4,51.2,5,1,20,0,0,362,440,80,2,15,10,23,50,50,1,7,10,70,5,56,56,3,1,H
2025-11-09 11:30:00,Manchester City,Liverpool,14,2,0,1,7,2,48.5,14,6,40,0,1,377,452,80,4,11,40,14,31,50,5,12,17,70,9,23,23,15,4,0,7,7,3,51.5,7,1,10,0,0,410,471,90,1,18,10,18,37,50,4,7,8,90,9,13,13,3,0,H
2025-11-22 07:30:00,Burnley,Chelsea,13,2,0,0,1,3,44.2,8,2,30,0,0,329,418,80,1,7,10,21,61,30,3,7,16,40,12,28,28,8,3,0,3,9,2,55.8,15,5,30,0,0,439,524,80,1,13,10,18,46,40,5,9,15,60,12,19,19,0,2,A
2025-11-22 10:00:00,Brighton & Hove Albion,Brentford,10,4,0,0,7,3,64.2,14,5,40,0,0,479,576,80,3,18,20,20,45,40,1,10,23,40,8,19,19,9,2,0,1,4,3,35.8,10,4,40,1,2,234,314,70,3,14,20,18,51,40,1,8,20,40,13,29,29,2,1,H
2025-11-22 10:00:00,Wolverhampton Wanderers,Crystal Palace,13,2,0,2,1,2,47.9,8,1,10,0,0,330,408,80,2,14,10,27,56,50,2,10,21,50,8,44,44,9,3,0,3,4,1,52.1,10,4,40,0,0,364,437,80,0,23,0,24,50,50,3,11,19,60,10,30,30,0,2,A
2025-11-22 10:00:00,Liverpool,Nottingham Forest,11,2,0,0,8,4,74.5,21,4,20,0,0,559,629,90,9,39,20,19,34,60,9,10,15,70,4,17,17,8,0,0,2,6,3,25.5,15,7,50,0,0,151,215,70,3,15,20,21,57,40,5,17,27,60,7,46,46,0,3,A
2025-11-22 10:00:00,Fulham,Sunderland,5,3,0,1,7,2,56.9,24,6,30,0,0,412,485,80,8,26,30,22,45,50,5,7,11,60,6,28,28,13,3,0,3,4,4,43.1,4,2,50,0,0,299,373,80,2,14,10,17,49,30,1,9,21,40,9,25,25,1,0,H
2025-11-22 10:00:00,AFC Bournemouth,West Ham United,9,3,0,2,9,0,76.2,28,10,40,1,1,527,616,90,15,54,30,13,35,40,7,10,19,50,7,11,11,10,2,0,2,2,10,23.8,5,2,40,0,0,115,202,60,1,6,20,24,69,30,1,10,13,80,9,57,57,2,2,D
2025-11-22 12:30:00,Newcastle United,Manchester City,13,1,0,3,5,3,33.0,9,5,60,0,0,220,285,80,5,14,40,25,56,40,1,11,17,60,7,36,36,8,3,0,2,9,3,67.0,17,4,20,0,0,525,584,90,6,26,20,18,33,50,4,9,13,70,10,15,15,2,1,H
2025-11-23 09:00:00,Leeds United,Aston Villa,18,5,0,4,3,2,47.9,14,5,40,0,0,339,400,80,4,26,20,20,48,40,4,16,26,60,12,21,21,16,1,0,2,3,3,52.1,14,3,20,0,0,358,449,80,4,11,40,18,49,40,4,8,20,40,7,18,18,1,2,A
2025-11-23 11:30:00,Arsenal,Tottenham Hotspur,11,1,0,3,4,1,57.4,17,8,50,0,0,363,448,80,4,15,30,20,51,40,2,16,23,70,11,17,17,15,3,0,1,1,4,42.6,3,2,70,0,0,250,330,80,0,7,0,18,55,30,0,12,21,60,8,34,34,4,1,H
2025-11-24 15:00:00,Manchester United,Everton,12,2,0,1,9,0,69.9,25,6,20,0,0,558,635,90,7,38,20,18,28,60,7,7,14,50,8,19,19,9,0,1,2,1,6,30.1,3,1,30,0,0,190,281,70,1,9,10,26,65,40,1,3,6,50,11,46,46,0,1,A
2025-11-29 10:00:00,Sunderland,AFC Bournemouth,14,5,0,1,6,4,42.5,12,6,50,1,1,240,334,70,6,22,30,13,50,30,2,8,14,60,8,26,26,13,5,1,2,3,3,57.5,18,6,30,0,0,376,463,80,5,23,20,24,59,40,4,10,19,50,9,21,21,3,2,H
2025-11-29 10:00:00,Brentford,Burnley,7,0,0,3,5,1,52.1,14,4,30,1,1,321,406,80,5,24,20,19,42,50,1,8,9,90,11,51,51,7,2,0,1,6,1,47.9,6,2,30,1,1,263,379,70,1,15,10,20,79,30,3,18,26,70,7,37,37,3,1,H
2025-11-29 10:00:00,Manchester City,Leeds United,17,4,0,2,8,1,61.7,18,9,50,0,0,495,561,90,9,26,30,26,42,60,6,2,6,30,2,25,25,11,1,0,4,1,6,38.3,9,4,40,0,1,265,348,80,3,14,20,20,56,40,2,14,26,50,8,21,21,3,2,H
2025-11-29 12:30:00,Everton,Newcastle United,4,0,0,0,8,3,48.8,10,2,20,0,0,458,520,90,5,25,20,30,51,60,2,12,19,60,9,19,19,6,0,0,0,7,1,51.2,13,8,60,0,0,485,553,90,7,17,40,20,36,60,4,16,16,100,3,30,30,1,4,A
2025-11-29 15:00:00,Tottenham Hotspur,Fulham,11,3,0,3,8,1,62.6,14,2,10,0,0,439,507,90,6,39,20,21,41,50,6,7,14,50,13,18,18,7,2,0,4,2,0,37.4,7,3,40,0,0,241,320,80,1,6,20,21,59,40,3,16,29,60,9,47,47,1,2,A
2025-11-30 07:00:00,Crystal Palace,Manchester United,14,3,0,3,4,4,43.9,14,3,20,1,1,244,339,70,4,17,20,16,61,30,5,9,14,60,7,44,44,14,2,0,0,4,2,56.1,14,6,40,0,0,352,443,80,3,18,20,27,58,50,0,6,16,40,10,31,31,1,2,A
2025-11-30 09:05:00,West Ham United,Liverpool,12,1,1,2,7,3,43.8,7,0,0,0,0,303,380,80,2,24,10,16,47,30,5,9,13,70,9,21,21,14,0,0,1,2,0,56.2,9,5,60,0,0,445,515,90,2,10,20,19,40,50,0,7,11,60,4,29,29,0,2,A
2025-11-30 09:05:00,Aston Villa,Wolverhampton Wanderers,13,0,0,0,7,4,52.2,16,6,40,0,0,401,461,90,5,21,20,14,29,50,4,9,16,60,4,26,26,21,4,0,2,3,5,47.8,9,4,40,0,0,369,423,90,5,18,30,22,45,50,3,11,22,50,6,28,28,1,0,H
2025-11-30 09:05:00,Nottingham Forest,Brighton & Hove Albion,11,0,0,1,9,3,51.9,19,3,20,0,0,409,492,80,8,33,20,29,59,50,10,14,22,60,7,19,19,10,1,0,0,2,3,48.1,17,6,40,0,0,392,476,80,3,5,60,26,64,40,6,13,19,70,13,37,37,0,2,A
2025-11-30 11:30:00,Chelsea,Arsenal,12,1,1,1,3,3,38.3,11,4,40,0,0,222,279,80,5,15,30,26,61,40,2,6,13,50,6,30,30,13,6,0,3,3,3,61.7,8,4,50,0,0,390,463,80,4,15,30,11,40,30,1,9,15,60,10,17,17,1,1,D
2025-12-02 14:30:00,AFC Bournemouth,Everton,14,3,0,1,1,2,54.9,5,2,40,0,0,402,476,80,3,17,20,15,45,30,2,10,15,70,3,55,55,14,3,0,1,6,2,45.1,13,3,20,0,0,281,378,70,2,26,10,18,53,30,5,11,18,60,4,24,24,0,1,A
2025-12-02 14:30:00,Fulham,Manchester City,9,0,0,4,7,0,57.2,12,6,50,0,0,538,612,90,5,21,20,25,40,60,3,11,18,60,11,19,19,7,1,0,1,2,1,42.8,11,4,40,0,0,392,467,80,4,7,60,23,51,50,4,7,16,40,16,27,27,4,5,A
2025-12-02 15:15:00,Newcastle United,Tottenham Hotspur,5,0,0,3,11,0,53.3,19,7,40,1,1,377,440,90,10,40,30,13,33,40,7,13,18,70,9,28,28,12,3,0,1,8,4,46.7,8,2,30,0,0,313,388,80,6,28,20,12,41,30,5,13,17,80,8,37,37,2,2,D
2025-12-03 14:30:00,Brighton & Hove Albion,Aston Villa,10,2,0,4,5,6,56.4,16,7,40,0,0,404,473,90,4,19,20,15,38,40,3,13,23,60,9,16,16,9,2,0,1,6,4,43.6,14,10,70,0,0,300,362,80,4,15,30,15,38,40,2,13,23,60,8,25,25,3,4,A
2025-12-03 14:30:00,Arsenal,Brentford,7,0,0,0,4,1,61.9,15,7,50,0,0,456,542,80,2,15,10,25,55,50,4,14,26,50,6,25,25,9,1,0,0,8,5,38.1,6,1,20,0,0,255,333,80,3,12,30,28,65,40,3,12,19,60,10,34,34,2,0,H
2025-12-03 14:30:00,Burnley,Crystal Palace,9,0,0,0,3,2,57.6,11,4,40,0,0,474,567,80,5,19,30,23,61,40,6,7,13,50,16,42,42,8,0,0,3,4,3,42.4,3,3,100,0,0,309,417,70,5,11,50,22,52,40,0,13,17,80,11,42,42,0,1,A
2025-12-03 14:30:00,Wolverhampton Wanderers,Nottingham Forest,19,2,0,2,3,2,49.8,5,1,20,0,0,329,415,80,3,18,20,24,58,40,2,14,19,70,10,19,19,11,2,0,2,9,1,50.2,10,3,30,0,0,334,416,80,8,21,40,28,66,40,4,7,17,40,5,19,19,0,1,A
2025-12-03 15:15:00,Liverpool,Sunderland,10,1,0,2,7,4,68.0,23,4,20,0,0,554,638,90,6,34,20,15,41,40,11,9,12,80,6,26,26,5,1,0,2,3,4,32.0,9,6,70,0,0,218,304,70,3,12,30,24,73,30,1,7,15,50,9,47,47,1,1,D
2025-12-03 15:15:00,Leeds United,Chelsea,10,1,0,3,4,1,28.9,17,5,30,0,0,186,264,70,6,18,30,20,59,30,2,15,21,70,9,32,32,13,1,0,1,2,2,71.1,14,2,10,0,0,608,682,90,5,20,30,15,35,40,5,11,16,70,3,35,35,3,1,H
2025-12-04 15:00:00,Manchester United,West Ham United,13,2,0,3,6,1,64.9,17,4,20,0,0,446,547,80,5,31,20,22,47,50,8,14,19,70,5,17,17,9,2,0,2,6,3,35.1,11,3,30,0,0,212,297,70,3,16,20,27,63,40,5,8,15,50,20,39,39,1,1,D
2025-12-06 07:30:00,Aston Villa,Arsenal,10,0,0,0,3,7,47.3,15,6,40,0,0,325,397,80,1,14,10,31,56,60,7,10,15,70,6,23,23,8,2,0,3,3,4,52.7,15,9,60,0,0,376,443,80,4,16,30,18,42,40,1,11,20,60,11,24,24,2,1,H
2025-12-06 10:00:00,Tottenham Hotspur,Brentford,8,3,0,2,7,1,53.3,15,7,50,0,0,329,400,80,5,26,20,24,52,50,3,10,17,60,11,29,29,9,4,0,1,6,5,46.7,4,1,30,0,0,281,355,80,2,18,10,17,42,40,1,16,24,70,7,34,34,2,0,H
2025-12-06 10:00:00,Newcastle United,Burnley,9,2,0,3,9,2,69.5,17,7,40,1,1,554,611,90,1,25,0,29,49,60,3,15,19,80,1,27,27,11,2,1,2,9,6,30.5,9,3,30,1,1,188,259,70,6,20,30,18,58,30,3,8,15,50,7,28,28,2,1,H
2025-12-06 10:00:00,AFC Bournemouth,Chelsea,15,0,0,4,5,4,39.1,13,5,40,0,0,232,329,70,1,11,10,26,69,40,2,12,17,70,14,23,23,13,2,0,0,0,5,60.9,11,4,40,0,0,430,519,80,5,14,40,21,55,40,1,9,17,50,10,26,26,0,0,D
2025-12-06 10:00:00,Everton,Nottingham Forest,17,4,0,3,6,2,41.3,11,5,50,0,0,238,306,80,3,18,20,15,47,30,4,11,15,70,11,42,42,15,3,0,1,3,3,58.7,7,3,40,0,0,357,441,80,3,18,20,14,50,30,2,15,24,60,6,35,35,3,0,H
2025-12-06 10:00:00,Manchester City,Sunderland,9,1,0,0,6,1,63.9,18,6,30,0,0,559,623,90,6,19,30,15,35,40,5,8,8,100,4,21,21,10,0,1,3,5,2,36.1,8,1,10,0,0,277,347,80,1,13,10,20,48,40,3,13,20,70,8,28,28,3,0,H
2025-12-06 12:30:00,Leeds United,Liverpool,14,3,0,2,5,4,44.7,12,5,40,1,1,321,402,80,4,14,30,14,50,30,2,6,9,70,10,19,19,14,3,0,2,4,2,55.3,16,7,40,0,0,418,503,80,6,17,40,16,48,30,4,9,17,50,5,28,28,3,3,D
2025-12-07 09:00:00,Brighton & Hove Albion,West Ham United,12,2,0,1,10,4,68.1,22,4,20,0,0,515,586,90,13,39,30,19,26,70,10,7,12,60,9,13,13,8,2,0,1,6,4,31.9,14,5,40,0,0,203,277,70,3,11,30,15,54,30,3,7,14,50,13,41,41,1,1,D
2025-12-07 11:30:00,Fulham,Crystal Palace,5,0,0,3,6,3,63.1,12,4,30,0,0,556,640,90,7,19,40,23,51,50,3,7,12,60,8,23,23,8,0,0,2,4,3,36.9,11,5,50,0,0,303,367,80,3,13,20,21,48,40,5,14,20,70,9,28,28,1,2,A
2025-12-08 15:00:00,Wolverhampton Wanderers,Manchester United,17,3,0,2,1,4,36.7,8,2,30,0,0,208,294,70,6,25,20,26,59,40,3,12,26,50,13,24,24,12,2,0,3,9,1,63.3,27,10,40,1,1,458,541,80,3,14,20,20,48,40,14,9,16,60,7,27,27,1,4,A
2025-12-13 10:00:00,Chelsea,Everton,13,1,0,0,4,2,57.7,17,5,30,0,0,473,537,90,3,10,30,22,44,50,3,8,15,50,11,32,32,11,0,0,1,7,3,42.3,11,2,20,0,0,306,373,80,5,23,20,25,51,50,4,8,22,40,8,12,12,2,0,H
2025-12-13 10:00:00,Liverpool,Brighton & Hove Albion,8,1,0,2,2,1,48.8,18,4,20,0,0,448,519,90,2,5,40,29,57,50,6,12,22,50,8,31,31,15,2,0,0,2,2,51.2,14,1,10,0,0,470,526,90,4,18,20,28,51,50,6,7,13,50,6,6,6,2,0,H
2025-12-13 12:30:00,Burnley,Fulham,8,1,0,1,10,1,52.8,16,8,50,0,0,444,536,80,3,17,20,22,48,50,4,9,13,70,9,10,10,8,2,0,0,4,6,47.2,6,4,70,0,0,393,479,80,4,15,30,18,50,40,0,12,22,50,12,38,38,2,3,A
2025-12-13 15:00:00,Arsenal,Wolverhampton Wanderers,7,0,0,1,8,1,69.2,16,2,10,0,0,500,572,90,6,30,20,11,28,40,3,3,5,60,8,21,21,15,4,0,1,0,2,30.8,3,2,70,0,0,180,261,70,4,8,50,21,63,30,1,5,8,60,5,54,54,2,1,H
2025-12-14 09:00:00,West Ham United,Aston Villa,18,1,0,1,5,2,40.9,10,3,30,0,0,324,386,80,0,13,0,16,39,40,3,10,17,60,9,14,14,13,2,0,1,3,1,59.1,7,4,60,0,0,503,566,90,3,11,30,27,44,60,1,17,22,80,6,13,13,2,3,A
2025-12-14 09:00:00,Crystal Palace,Manchester City,9,2,0,3,2,3,39.1,16,4,30,0,0,284,375,80,2,14,10,21,56,40,6,17,23,70,6,20,20,6,0,0,2,2,4,60.9,7,6,90,1,1,516,598,90,3,9,30,20,44,50,0,6,14,40,8,39,39,0,3,A
2025-12-14 09:00:00,Sunderland,Newcastle United,10,5,0,0,3,2,46.6,5,1,20,0,0,302,394,80,2,14,10,18,61,30,2,7,10,70,11,29,29,10,4,0,0,6,1,53.4,6,2,30,0,0,377,444,80,2,26,10,32,62,50,3,5,8,60,3,53,53,1,0,H
2025-12-14 09:00:00,Nottingham Forest,Tottenham Hotspur,9,1,0,4,3,1,47.9,15,6,40,0,0,320,392,80,5,15,30,23,46,50,2,9,17,50,12,23,23,13,3,0,1,3,3,52.1,6,1,20,0,0,335,420,80,3,19,20,18,44,40,4,20,30,70,11,17,17,3,0,H
2025-12-14 11:30:00,Brentford,Leeds United,8,0,0,2,0,3,56.9,7,2,30,0,0,403,497,80,1,18,10,33,77,40,1,9,12,80,8,44,44,9,0,0,0,3,1,43.1,18,4,20,0,0,271,361,80,6,23,30,18,52,30,8,8,15,50,7,43,43,1,1,D
2025-12-15 15:00:00,Manchester United,AFC Bournemouth,15,2,0,0,5,5,56.6,25,9,40,0,0,310,393,80,6,21,30,16,45,40,10,8,16,50,3,47,47,12,3,0,1,4,5,43.4,14,9,60,0,0,202,300,70,3,17,20,15,55,30,0,8,14,60,8,29,29,4,4,D
2025-12-20 07:30:00,Newcastle United,Chelsea,13,3,0,2,6,2,46.6,11,5,50,0,0,278,361,80,8,28,30,16,43,40,0,8,13,60,14,19,19,14,6,0,0,4,3,53.4,13,4,30,0,0,351,433,80,2,16,10,14,55,30,4,9,11,80,13,24,24,2,2,D
2025-12-20 10:00:00,Manchester City,West Ham United,16,1,0,1,6,4,66.2,17,8,50,0,0,693,750,90,6,21,30,24,33,70,2,7,12,60,9,9,9,10,1,0,2,0,5,33.8,7,3,40,0,0,314,391,80,1,1,100,17,46,40,0,15,24,60,12,13,13,3,0,H
2025-12-20 10:00:00,Brighton & Hove Albion,Sunderland,11,2,0,1,3,6,56.8,16,4,30,0,0,364,441,80,8,21,40,17,42,40,5,8,12,70,7,30,30,15,2,0,1,4,4,43.2,14,6,40,0,0,255,334,80,5,14,40,24,58,40,4,15,25,60,9,22,22,0,0,D
2025-12-20 10:00:00,Wolverhampton Wanderers,Brentford,12,2,0,2,3,4,43.2,9,2,20,0,1,281,358,80,4,22,20,21,48,40,6,9,16,60,9,37,37,15,4,0,2,4,2,56.8,7,6,90,0,0,400,481,80,10,22,50,20,49,40,0,6,12,50,16,36,36,0,2,A
2025-12-20 10:00:00,AFC Bournemouth,Burnley,11,1,0,2,5,0,65.6,16,1,10,0,0,404,506,80,6,22,30,18,57,30,3,15,21,70,8,31,31,11,1,0,2,3,0,34.4,4,1,30,0,0,178,269,70,2,8,30,30,74,40,2,10,15,70,10,38,38,1,1,D
2025-12-20 12:30:00,Tottenham Hotspur,Liverpool,9,3,2,1,2,2,34.9,15,4,30,0,0,246,322,80,4,20,20,17,53,30,7,7,11,60,7,33,33,7,3,0,6,6,4,65.1,8,4,50,0,0,542,614,90,5,23,20,23,45,50,3,4,4,100,7,22,22,1,2,A
2025-12-20 15:00:00,Everton,Arsenal,4,2,0,0,2,0,34.6,5,1,20,0,0,250,339,70,2,14,10,19,61,30,2,13,26,50,8,23,23,5,2,0,1,3,1,65.4,13,2,20,1,1,573,654,90,2,12,20,23,52,40,2,9,14,60,7,32,32,0,1,A
2025-12-20 15:00:00,Leeds United,Crystal Palace,5,1,0,2,9,2,52.8,20,8,40,0,0,327,400,80,6,22,30,19,48,40,5,11,15,70,7,29,29,10,3,0,3,5,2,47.2,9,3,30,1,1,284,362,80,2,16,10,14,45,30,3,13,22,60,6,58,58,4,1,H
2025-12-21 11:30:00,Aston Villa,Manchester United,11,1,0,3,5,5,42.6,12,4,30,0,0,281,351,80,1,7,10,16,48,30,5,10,18,60,7,22,22,14,2,0,1,5,2,57.4,15,6,40,0,0,396,460,90,4,26,20,22,41,50,3,14,26,50,9,21,21,2,1,H
2025-12-22 15:00:00,Fulham,Nottingham Forest,5,5,0,2,1,2,49.7,11,1,10,1,1,396,495,80,4,7,60,27,65,40,6,13,21,60,10,29,29,9,4,0,2,5,0,50.3,12,2,20,0,0,417,490,90,2,23,10,28,65,40,4,5,10,50,8,16,16,1,0,H
2025-12-26 15:00:00,Manchester United,Newcastle United,9,2,0,0,2,3,33.3,10,4,40,0,0,252,328,80,3,8,40,11,44,30,0,8,20,40,18,45,45,5,1,0,1,11,3,66.7,16,3,20,0,0,548,627,90,7,46,20,18,36,50,7,7,14,50,6,13,13,1,0,H
2025-12-27 07:30:00,Nottingham Forest,Manchester City,5,1,0,1,5,3,34.0,7,2,30,0,0,219,293,70,4,22,20,33,67,50,3,12,15,80,8,22,22,13,2,0,1,5,1,66.0,16,5,30,0,0,536,595,90,3,18,20,15,32,50,7,8,14,60,4,37,37,1,2,A
2025-12-27 10:00:00,Burnley,Everton,8,0,0,2,6,6,54.1,16,0,0,0,0,359,466,80,1,16,10,27,62,40,7,12,22,50,4,39,39,8,2,0,3,5,0,45.9,15,6,40,0,0,307,394,80,2,18,10,22,64,30,3,14,25,60,11,48,48,0,0,D
2025-12-27 10:00:00,Liverpool,Wolverhampton Wanderers,5,0,0,1,6,3,66.6,14,4,30,0,0,581,660,90,8,21,40,18,45,40,3,16,19,80,9,21,21,13,1,0,0,4,2,33.4,9,4,40,0,0,252,327,80,2,15,10,17,53,30,1,10,16,60,8,24,24,2,1,H
2025-12-27 10:00:00,West Ham United,Fulham,8,1,0,7,5,4,44.3,11,2,20,0,0,330,404,80,2,17,10,23,52,40,5,17,29,60,9,25,25,8,3,0,2,4,2,55.7,17,5,30,0,0,439,508,90,10,24,40,22,42,50,6,5,16,30,12,34,34,0,1,A
2025-12-27 10:00:00,Arsenal,Brighton & Hove Albion,7,2,0,1,7,2,52.7,24,6,30,0,0,376,450,80,6,19,30,16,46,30,10,6,14,40,9,16,16,13,3,0,1,2,5,47.3,8,3,40,0,0,336,407,80,3,10,30,23,50,50,2,13,16,80,5,28,28,2,1,H
2025-12-27 10:00:00,Brentford,AFC Bournemouth,9,2,0,3,2,9,49.3,15,7,50,0,0,311,395,80,2,8,30,35,64,50,4,7,12,60,10,51,51,8,2,0,1,15,4,50.7,20,10,50,0,0,290,376,80,3,38,10,22,50,40,8,13,18,70,7,27,27,4,1,H
2025-12-27 12:30:00,Chelsea,Aston Villa,16,5,0,0,6,6,62.9,14,3,20,0,0,469,528,90,4,29,10,28,45,60,7,19,26,70,9,6,6,8,3,0,0,7,2,37.1,11,8,70,0,0,257,321,80,1,8,10,19,42,50,2,2,8,30,4,28,28,1,2,A
2025-12-28 09:00:00,Sunderland,Leeds United,7,1,0,4,3,4,43.2,8,3,40,0,0,322,393,80,3,14,20,25,46,50,2,8,14,60,5,42,42,9,0,0,3,9,2,56.8,17,6,40,0,0,433,513,80,7,27,30,21,50,40,6,8,14,60,6,20,20,1,1,D
2025-12-28 11:30:00,Crystal Palace,Tottenham Hotspur,7,3,0,1,3,3,61.9,15,2,10,0,0,431,544,80,4,27,10,26,60,40,5,11,16,70,7,23,23,5,2,0,3,2,2,38.1,8,4,50,0,0,236,340,70,3,12,30,28,69,40,1,10,20,50,6,50,50,0,1,A
2025-12-30 14:30:00,Chelsea,AFC Bournemouth,5,1,0,0,12,4,67.2,17,3,20,2,1,483,563,90,8,26,30,21,46,50,8,9,17,50,8,29,29,12,1,0,1,3,2,32.8,17,6,40,0,0,197,269,70,3,16,20,17,53,30,4,12,16,80,17,41,41,2,2,D
2025-12-30 14:30:00,West Ham United,Brighton & Hove Albion,11,3,0,1,5,5,38.5,10,4,40,1,1,251,335,70,2,16,10,31,67,50,3,14,27,50,9,27,27,18,5,0,1,5,2,61.5,16,6,40,1,2,466,541,90,1,23,0,21,36,60,4,10,13,80,16,24,24,2,2,D
2025-12-30 14:30:00,Nottingham Forest,Everton,11,1,0,0,9,1,69.7,21,6,30,0,0,600,665,90,9,52,20,19,34,60,7,14,21,70,5,12,12,9,0,0,0,2,6,30.3,11,3,30,0,0,223,301,70,2,7,30,26,68,40,4,11,23,50,9,53,53,0,2,A
2025-12-30 14:30:00,Burnley,Newcastle United,9,2,0,1,3,4,48.1,15,4,30,0,0,349,439,80,1,12,10,16,52,30,3,14,21,70,11,27,27,3,1,0,2,4,2,51.9,20,9,50,0,0,389,467,80,4,19,20,19,47,40,6,10,19,50,11,36,36,1,3,A
2025-12-30 15:15:00,Arsenal,Aston Villa,18,2,0,4,3,2,46.3,22,7,30,0,0,302,351,90,5,12,40,17,28,60,7,7,17,40,8,17,17,9,3,0,0,3,3,53.7,11,3,30,0,0,362,416,90,1,12,10,21,38,60,4,3,10,30,3,17,17,4,1,H
2025-12-30 15:15:00,Manchester United,Wolverhampton Wanderers,9,0,0,3,8,3,56.1,15,6,40,0,0,450,506,90,6,22,30,26,44,60,4,14,21,70,4,16,16,12,2,0,1,4,5,43.9,11,4,40,0,0,335,397,80,4,14,30,18,41,40,2,9,20,50,10,28,28,1,1,D
2026-01-01 12:30:00,Crystal Palace,Fulham,7,0,0,5,6,4,40.0,11,2,20,0,0,299,388,80,1,12,10,22,57,40,4,9,14,60,9,29,29,10,5,0,1,3,1,60.0,17,5,30,0,0,502,586,90,7,19,40,30,56,50,6,9,16,60,9,35,35,1,1,D
2026-01-01 12:30:00,Liverpool,Leeds United,10,0,0,6,8,2,68.3,19,4,20,0,0,549,636,90,4,25,20,16,40,40,8,3,8,40,6,21,21,8,2,0,1,3,4,31.7,4,2,50,0,0,194,295,70,3,10,30,18,60,30,1,10,18,60,11,37,37,0,0,D
2026-01-01 15:00:00,Brentford,Tottenham Hotspur,8,1,0,4,3,2,55.9,7,2,30,0,0,426,515,80,4,20,20,24,58,40,2,12,18,70,9,20,20,10,2,0,0,1,2,44.1,9,3,30,0,0,324,412,80,1,11,10,24,65,40,4,13,18,70,10,33,33,0,0,D
2026-01-01 15:00:00,Sunderland,Manchester City,9,1,0,0,3,4,32.3,10,4,40,0,0,221,304,70,3,9,30,22,52,40,2,15,18,80,17,31,31,6,1,0,1,5,4,67.7,14,4,30,0,0,548,640,90,6,21,30,21,50,40,5,17,23,70,12,21,21,0,0,D
2026-01-03 07:30:00,Aston Villa,Nottingham Forest,10,1,0,1,4,4,72.7,11,4,40,0,0,579,645,90,2,16,10,16,30,50,4,9,18,50,11,12,12,20,2,0,4,4,1,27.3,10,5,50,0,0,170,239,70,0,9,0,20,48,40,2,8,19,40,14,28,28,3,1,H
2026-01-03 10:00:00,Brighton & Hove Albion,Burnley,7,0,0,3,4,2,59.9,15,4,30,0,0,546,608,90,4,11,40,17,32,50,4,10,17,60,6,25,25,17,4,0,1,4,2,40.1,5,3,60,0,0,325,396,80,1,16,10,21,42,50,0,13,25,50,3,21,21,2,0,H
2026-01-03 10:00:00,Wolverhampton Wanderers,West Ham United,11,1,0,1,6,0,32.8,11,8,70,1,1,234,301,80,5,16,30,12,36,30,0,12,23,50,9,34,34,10,0,0,1,7,5,67.2,6,0,0,0,0,546,624,90,7,28,30,26,42,60,0,17,27,60,6,15,15,3,0,H
2026-01-03 12:30:00,AFC Bournemouth,Arsenal,13,3,0,1,7,2,43.0,15,3,20,0,0,259,339,80,4,22,20,22,57,40,5,12,16,80,4,37,37,8,1,0,1,5,1,57.0,12,5,40,0,0,368,462,80,3,20,20,18,51,40,4,11,25,40,7,30,30,2,3,A
2026-01-04 07:30:00,Leeds United,Manchester United,9,0,0,1,6,1,45.4,11,3,30,0,0,312,425,70,3,20,20,21,61,30,2,10,18,60,17,23,23,9,1,0,3,4,2,54.6,15,2,10,0,0,419,529,80,2,10,20,23,63,40,5,15,25,60,8,38,38,1,1,D
2026-01-04 10:00:00,Everton,Brentford,9,0,0,0,4,3,45.4,14,6,40,0,0,286,364,80,10,27,40,24,52,50,5,15,24,60,7,22,22,8,2,0,2,5,4,54.6,11,7,60,0,0,355,455,80,6,12,50,21,74,30,2,8,16,50,10,24,24,2,4,A
2026-01-04 10:00:00,Newcastle United,Crystal Palace,5,1,0,5,8,1,59.4,12,7,60,0,0,408,494,80,7,31,20,25,52,50,2,9,16,60,7,35,35,12,3,0,2,6,5,40.6,11,1,10,0,0,239,344,70,2,15,10,11,44,30,5,11,28,40,11,45,45,2,0,H
2026-01-04 10:00:00,Tottenham Hotspur,Sunderland,9,2,0,4,3,2,48.7,13,5,40,0,0,284,361,80,7,23,30,26,50,50,2,12,15,80,8,33,33,6,3,0,2,5,3,51.3,10,3,30,0,0,294,382,80,4,21,20,20,49,40,3,13,17,80,9,27,27,1,1,D
2026-01-04 10:15:00,Fulham,Liverpool,11,1,0,2,3,0,41.9,8,2,30,0,0,386,462,80,1,13,10,14,46,30,3,9,15,60,10,40,40,4,1,0,4,8,0,58.1,10,2,20,0,0,563,639,90,1,23,0,26,49,50,3,5,7,70,5,24,24,2,2,D
2026-01-04 12:30:00,Manchester City,Chelsea,12,3,0,2,8,2,57.3,14,3,20,0,0,504,580,90,5,15,30,22,36,60,5,18,24,80,9,6,6,14,3,0,2,2,2,42.7,8,3,40,0,0,363,436,80,2,4,50,15,35,40,1,10,20,50,14,23,23,1,1,D
2026-01-06 15:00:00,West Ham United,Nottingham Forest,15,3,0,1,6,3,47.2,14,3,20,0,0,290,379,80,2,19,10,19,63,30,5,19,28,70,7,33,33,9,0,0,0,5,3,52.8,13,5,40,1,1,337,418,80,5,28,20,19,53,40,4,9,15,60,6,32,32,1,2,A
2026-01-07 14:30:00,Crystal Palace,Aston Villa,8,2,0,2,3,4,40.9,11,5,50,0,0,297,369,80,3,11,30,12,44,30,4,6,20,30,4,31,31,3,0,0,0,5,5,59.1,15,3,20,0,0,470,537,90,4,16,30,19,35,50,5,8,14,60,9,21,21,0,0,D
2026-01-07 14:30:00,Manchester City,Brighton & Hove Albion,6,1,0,2,6,2,60.3,21,6,30,1,1,530,608,90,6,13,50,23,43,50,6,11,14,80,19,7,7,16,6,0,3,2,3,39.7,6,3,50,0,0,313,399,80,3,9,30,18,53,30,0,12,22,50,20,24,24,1,1,D
2026-01-07 14:30:00,Fulham,Chelsea,11,3,0,1,2,4,55.0,16,5,30,0,0,503,572,90,4,19,20,24,40,60,8,10,16,60,9,28,28,6,3,1,2,11,3,45.0,14,6,40,0,0,392,459,90,4,22,20,27,58,50,3,9,13,70,8,30,30,2,1,H
2026-01-07 14:30:00,Brentford,Sunderland,13,2,0,1,7,3,50.5,18,6,30,0,0,328,392,80,4,22,20,30,65,50,5,3,8,40,8,22,22,13,1,0,1,4,3,49.5,11,3,30,0,1,314,389,80,2,13,20,21,56,40,4,6,7,90,10,26,26,3,0,H
2026-01-07 14:30:00,AFC Bournemouth,Tottenham Hotspur,19,3,0,4,3,2,42.1,11,3,30,0,0,240,321,70,3,12,30,9,45,20,5,8,17,50,10,35,35,10,3,0,0,7,0,57.9,16,4,30,0,0,336,434,80,5,21,20,22,62,40,5,16,24,70,5,15,15,3,2,H
2026-01-07 14:30:00,Everton,Wolverhampton Wanderers,13,1,2,0,2,3,45.4,13,2,20,0,0,296,364,80,5,19,30,12,31,40,3,8,17,50,6,42,42,15,3,0,0,7,1,54.6,13,4,30,0,0,367,434,80,7,30,20,24,52,50,3,9,16,60,5,24,24,1,1,D
2026-01-07 15:15:00,Newcastle United,Leeds United,11,3,0,1,8,3,62.5,18,8,40,1,1,471,545,90,9,35,30,25,47,50,4,11,14,80,9,32,32,10,2,0,0,4,3,37.5,14,6,40,1,1,256,334,80,4,12,30,24,54,40,3,7,17,40,16,33,33,4,3,H
2026-01-07 15:15:00,Burnley,Manchester United,9,2,0,3,2,6,34.6,7,1,10,0,0,240,315,80,0,7,0,20,55,40,5,10,16,60,7,25,25,8,0,0,0,6,0,65.4,30,10,30,0,0,519,593,90,9,26,30,17,32,50,7,16,19,80,6,13,13,2,2,D
2026-01-08 15:00:00,Arsenal,Liverpool,10,2,0,2,3,0,47.6,9,4,40,0,0,396,459,90,3,15,20,12,34,40,4,6,11,50,7,15,15,9,2,0,1,0,4,52.4,8,0,0,0,0,453,509,90,0,9,0,20,45,40,3,7,10,70,8,23,23,0,0,D
2026-01-17 07:30:00,Manchester United,Manchester City,13,2,0,6,1,1,31.8,11,7,60,0,0,240,302,80,4,10,40,26,46,60,0,12,24,50,12,27,27,8,3,0,1,6,5,68.2,7,1,10,0,0,581,646,90,2,20,10,15,29,50,3,11,13,80,9,19,19,2,0,H
2026-01-17 10:00:00,Tottenham Hotspur,West Ham United,12,5,0,1,11,2,61.7,21,6,30,0,0,401,481,80,10,43,20,21,36,60,4,15,19,80,7,15,15,17,3,0,1,5,5,38.3,17,4,20,0,0,230,306,80,6,20,30,24,49,50,6,12,25,50,19,43,43,1,2,A
2026-01-17 10:00:00,Leeds United,Fulham,6,1,0,8,7,1,46.3,14,5,40,0,0,311,402,80,5,21,20,18,58,30,1,8,10,80,7,13,13,11,5,0,3,3,4,53.7,8,1,10,0,0,388,477,80,1,8,10,22,54,40,2,7,16,40,10,31,31,1,0,H
2026-01-17 10:00:00,Liverpool,Burnley,8,1,0,1,9,1,72.9,32,11,30,0,1,635,728,90,9,34,30,26,49,50,13,4,7,60,8,13,13,10,2,0,2,1,8,27.1,7,1,10,0,0,191,275,70,0,7,0,12,60,20,2,7,19,40,9,41,41,1,1,D
2026-01-17 10:00:00,Chelsea,Brentford,7,3,0,0,3,6,45.8,6,2,30,1,1,374,443,80,1,11,10,27,55,50,2,9,17,50,11,42,42,10,2,0,1,9,0,54.2,15,5,30,0,0,446,513,90,7,29,20,22,49,40,5,9,14,60,8,16,16,2,0,H
2026-01-17 10:00:00,Sunderland,Crystal Palace,8,3,0,0,3,1,57.3,13,7,50,0,0,365,456,80,7,18,40,21,57,40,1,11,15,70,11,35,35,15,3,0,2,4,5,42.7,6,2,30,0,0,255,339,80,2,15,10,15,50,30,2,7,12,60,9,36,36,2,1,H
2026-01-17 12:30:00,Nottingham Forest,Arsenal,8,1,0,1,4,3,40.0,6,0,0,0,0,259,321,80,5,25,20,18,48,40,3,5,12,40,6,33,33,14,1,0,0,9,0,60.0,15,3,20,0,0,416,494,80,11,26,40,15,46,30,8,7,16,40,4,27,27,0,0,D
2026-01-18 09:00:00,Wolverhampton Wanderers,Newcastle United,14,2,0,1,4,2,33.0,6,2,30,0,0,235,303,80,3,17,20,18,52,30,2,9,11,80,8,28,28,8,2,0,3,7,2,67.0,12,2,20,0,0,563,614,90,10,34,30,22,34,60,4,7,10,70,8,20,20,0,0,D
2026-01-18 11:30:00,Aston Villa,Everton,15,1,0,1,6,2,62.9,18,5,30,0,0,434,495,90,4,19,20,22,44,50,6,7,14,50,4,16,16,13,2,0,4,4,5,37.1,9,3,30,0,0,227,292,80,2,7,30,26,52,50,4,10,17,60,13,28,28,0,1,A
2026-01-19 15:00:00,Brighton & Hove Albion,AFC Bournemouth,7,2,0,1,11,1,66.9,17,5,30,0,0,490,580,80,5,23,20,24,40,60,7,10,21,50,2,24,24,6,3,0,3,6,4,33.1,11,2,20,2,1,194,282,70,2,15,10,27,70,40,5,6,18,30,17,31,31,1,1,D
2026-01-24 07:30:00,West Ham United,Sunderland,9,2,0,0,3,1,47.1,13,5,40,2,1,279,366,80,2,13,20,26,63,40,3,16,25,60,5,24,24,16,4,0,1,3,2,52.9,7,2,30,0,0,335,406,80,4,17,20,22,41,50,1,6,13,50,3,30,30,3,1,H
2026-01-24 10:00:00,Manchester City,Wolverhampton Wanderers,16,1,0,0,4,1,64.2,11,4,40,0,0,581,644,90,3,9,30,27,45,60,0,6,16,40,17,11,11,14,3,0,6,6,2,35.8,11,1,10,0,0,278,349,80,4,12,30,12,35,30,5,13,19,70,10,21,21,2,0,H
2026-01-24 10:00:00,Fulham,Brighton & Hove Albion,10,1,0,1,6,3,49.1,12,4,30,0,0,417,502,80,2,18,10,26,56,50,3,8,11,70,7,41,41,6,1,0,3,6,2,50.9,13,5,40,0,0,432,517,80,8,26,30,15,50,30,4,9,16,60,12,23,23,2,1,H
2026-01-24 10:00:00,Burnley,Tottenham Hotspur,8,1,0,3,1,9,37.5,9,4,40,0,0,292,379,80,2,6,30,13,48,30,3,13,19,70,16,20,20,9,0,0,1,3,2,62.5,18,11,60,0,0,526,620,80,7,19,40,23,52,40,0,16,26,60,10,14,14,2,2,D
2026-01-24 12:30:00,AFC Bournemouth,Liverpool,7,1,0,0,3,2,33.2,12,5,40,0,0,230,298,80,3,13,20,22,49,40,3,10,20,50,14,38,38,7,1,0,0,11,2,66.8,14,4,30,0,0,537,616,90,4,20,20,20,35,60,6,8,12,70,4,27,27,3,2,H
2026-01-25 09:00:00,Newcastle United,Aston Villa,7,1,0,2,6,6,60.7,15,4,30,0,0,447,519,90,6,34,20,18,36,50,7,15,24,60,3,22,22,12,2,0,0,5,4,39.3,14,8,60,0,0,272,353,80,5,10,50,16,58,30,2,13,21,60,7,29,29,0,2,A
2026-01-25 09:00:00,Crystal Palace,Chelsea,11,2,1,2,4,2,43.2,13,7,50,0,0,342,440,80,3,20,20,19,60,30,3,9,17,50,10,23,23,10,2,0,1,5,5,56.8,10,6,60,2,1,504,590,90,5,15,30,31,65,50,1,10,15,70,14,45,45,1,3,A
2026-01-25 09:00:00,Brentford,Nottingham Forest,11,1,0,1,6,0,65.9,10,1,10,0,0,490,567,90,7,36,20,32,45,70,3,6,14,40,15,22,22,10,0,0,0,5,1,34.1,7,2,30,0,0,219,295,70,3,16,20,19,53,40,3,11,18,60,8,54,54,0,2,A
2026-01-25 11:30:00,Arsenal,Manchester United,11,2,0,3,9,0,56.1,15,4,30,0,0,371,443,80,4,25,20,14,35,40,6,7,11,60,11,20,20,9,0,0,0,2,3,43.9,10,3,30,0,0,289,364,80,1,5,20,15,56,30,2,9,14,60,6,25,25,2,3,A
2026-01-26 15:00:00,Everton,Leeds United,9,0,0,1,4,3,58.1,10,3,30,0,0,450,542,80,3,20,20,16,51,30,4,15,20,80,6,32,32,13,3,0,0,4,2,41.9,14,4,30,0,0,304,394,80,2,12,20,27,66,40,3,20,31,60,10,44,44,1,1,D
2026-01-31 10:00:00,Wolverhampton Wanderers,AFC Bournemouth,11,2,0,2,5,2,50.8,17,7,40,0,0,389,476,80,7,22,30,19,45,40,3,17,23,70,3,19,19,15,3,0,2,6,7,49.2,9,4,40,0,0,397,469,80,3,11,30,24,53,50,1,11,20,60,13,32,32,0,2,A
2026-01-31 10:00:00,Leeds United,Arsenal,10,1,0,0,4,4,49.5,3,1,30,0,0,316,395,80,1,19,10,17,53,30,1,6,16,40,10,36,36,7,1,0,1,12,1,50.5,15,9,60,0,0,313,395,80,8,26,30,23,55,40,2,7,14,50,6,31,31,0,4,A
2026-01-31 10:00:00,Brighton & Hove Albion,Everton,13,1,0,3,5,3,53.6,11,2,20,0,0,408,492,80,4,13,30,13,42,30,4,9,20,50,9,30,30,14,2,0,0,2,1,46.4,7,4,60,0,0,333,423,80,3,15,20,35,67,50,1,14,23,60,7,20,20,1,1,D
2026-01-31 12:30:00,Chelsea,West Ham United,11,3,0,0,9,4,70.8,14,6,40,0,0,644,721,90,6,36,20,30,45,70,4,8,14,60,8,23,23,13,2,1,2,3,3,29.2,11,6,50,0,0,205,300,70,2,11,20,24,61,40,3,9,15,60,7,47,47,3,2,H
2026-01-31 15:00:00,Liverpool,Newcastle United,11,1,0,1,7,1,53.8,17,7,40,0,0,345,411,80,4,16,30,21,46,50,3,11,18,60,6,38,38,7,3,0,3,11,3,46.2,8,2,30,0,0,266,332,80,6,25,20,14,42,30,3,7,13,50,8,23,23,4,1,H
2026-02-01 09:00:00,Manchester United,Fulham,6,2,0,1,3,4,42.1,13,6,50,0,0,372,428,90,6,12,50,27,48,60,3,10,22,50,10,30,30,9,1,0,2,7,3,57.9,14,6,40,2,1,517,576,90,8,28,30,11,33,30,5,12,17,70,13,10,10,3,2,H
2026-02-01 09:00:00,Nottingham Forest,Crystal Palace,4,1,1,2,5,1,32.8,9,1,10,0,0,206,282,70,2,13,20,31,61,50,3,11,16,70,10,25,25,12,3,0,0,7,0,67.2,14,3,20,2,1,489,575,90,6,24,30,27,53,50,3,10,14,70,6,24,24,1,1,D
2026-02-01 09:00:00,Aston Villa,Brentford,8,0,0,1,12,0,71.7,27,5,20,0,0,558,636,90,7,26,30,15,28,50,11,10,19,50,3,19,19,8,3,1,6,1,5,28.3,6,2,30,0,0,184,256,70,1,7,10,26,73,40,1,4,7,60,13,34,34,0,1,A
2026-02-01 11:30:00,Tottenham Hotspur,Manchester City,15,3,0,1,3,1,40.0,12,6,50,0,0,311,385,80,5,13,40,23,53,40,5,10,24,40,6,19,19,12,3,0,2,4,4,60.0,15,3,20,0,0,522,578,90,7,17,40,25,42,60,4,12,23,50,4,25,25,2,2,D
2026-02-02 15:00:00,Sunderland,Burnley,12,1,0,0,1,0,44.2,14,5,40,0,0,355,426,80,1,10,10,27,54,50,2,7,9,80,9,25,25,10,4,0,2,2,3,55.8,5,0,0,0,0,460,529,90,2,22,10,22,47,50,2,11,14,80,5,27,27,3,0,H
2026-02-06 15:00:00,Leeds United,Nottingham Forest,9,1,0,1,5,5,56.4,14,5,40,0,0,398,477,80,7,17,40,17,50,30,6,16,22,70,5,36,36,12,1,0,4,10,2,43.6,16,6,40,0,0,274,350,80,10,34,30,24,53,50,4,10,14,70,8,18,18,3,1,H
2026-02-07 07:30:00,Manchester United,Tottenham Hotspur,12,1,0,3,7,1,65.2,23,10,40,0,0,582,649,90,5,20,30,12,27,40,6,11,18,60,5,11,11,11,2,1,1,0,8,34.8,7,1,10,0,0,283,342,80,4,10,40,17,46,40,5,6,16,40,9,30,30,2,0,H
2026-02-07 10:00:00,AFC Bournemouth,Aston Villa,4,1,0,3,11,3,52.7,20,9,50,0,0,343,413,80,3,27,10,25,48,50,4,6,10,60,11,25,25,11,1,0,3,4,7,47.3,7,4,60,0,0,310,382,80,4,11,40,21,51,40,3,12,18,70,7,40,40,1,1,D
2026-02-07 10:00:00,Wolverhampton Wanderers,Chelsea,9,1,0,2,3,3,33.7,11,3,30,0,0,307,365,80,6,20,30,15,33,50,4,8,12,70,8,21,21,10,1,0,1,4,2,66.3,15,6,40,4,2,694,747,90,2,13,20,16,30,50,6,10,21,50,10,28,28,1,3,A
2026-02-07 10:00:00,Fulham,Everton,11,1,0,2,6,2,55.4,13,3,20,0,0,419,483,90,10,19,50,16,38,40,2,12,20,60,9,22,22,12,5,0,2,6,3,44.6,16,3,20,0,0,334,392,90,6,21,30,24,50,50,3,10,15,70,8,29,29,1,2,A
2026-02-07 10:00:00,Arsenal,Sunderland,11,1,0,3,5,2,49.3,16,5,30,0,0,325,389,80,2,19,10,22,41,50,5,8,15,50,12,22,22,8,2,0,1,2,2,50.7,5,3,60,0,0,327,408,80,2,12,20,19,53,40,1,7,13,50,6,30,30,3,0,H
2026-02-07 10:00:00,Burnley,West Ham United,11,3,0,0,5,2,53.9,18,5,30,0,0,400,470,90,7,35,20,15,36,40,8,9,16,60,2,23,23,10,1,0,1,2,5,46.1,6,4,70,0,0,345,424,80,2,8,30,18,60,30,0,10,14,70,17,34,34,0,2,A
2026-02-07 12:30:00,Newcastle United,Brentford,14,2,0,1,9,3,53.8,16,4,30,2,1,351,428,80,4,21,20,28,56,50,4,6,9,70,4,31,31,18,2,0,2,3,1,46.2,11,5,50,2,1,286,379,80,2,13,20,20,66,30,4,10,15,70,3,22,22,2,3,A
2026-02-08 09:00:00,Brighton & Hove Albion,Crystal Palace,12,1,0,3,3,3,63.8,7,2,30,0,0,476,557,90,2,15,10,32,57,60,3,7,17,40,3,34,34,9,3,0,3,4,2,36.2,7,4,60,0,0,217,311,70,3,12,30,22,67,30,0,11,21,50,10,33,33,0,1,A
2026-02-08 11:30:00,Liverpool,Manchester City,13,2,1,6,5,5,46.5,15,4,30,0,0,306,390,80,6,21,30,30,65,50,3,9,17,50,7,20,20,16,4,0,2,4,3,53.5,17,7,40,2,1,393,465,80,3,11,30,20,53,40,4,8,15,50,10,31,31,1,2,A
2026-02-10 14:30:00,Everton,AFC Bournemouth,14,1,1,1,7,2,52.7,16,6,40,2,1,357,443,80,11,24,50,22,52,40,5,6,11,50,8,20,20,15,3,0,0,2,5,47.3,11,4,40,0,0,310,403,80,2,12,20,16,53,30,5,9,21,40,8,35,35,1,2,A
2026-02-10 14:30:00,Chelsea,Leeds United,9,4,0,4,4,0,65.8,19,4,20,2,1,593,644,90,6,19,30,18,34,50,7,6,14,40,7,22,22,13,4,0,1,1,2,34.2,4,2,50,2,1,274,336,80,1,4,30,21,52,40,2,6,11,50,9,33,33,2,2,D
2026-02-10 14:30:00,Tottenham Hotspur,Newcastle United,15,3,0,0,2,3,52.8,16,2,10,0,0,341,407,80,7,13,50,23,51,50,8,11,16,70,7,42,42,11,2,0,2,12,1,47.2,21,5,20,0,0,277,339,80,8,34,20,24,45,50,9,15,23,70,3,26,26,1,2,A
2026-02-10 15:15:00,West Ham United,Manchester United,10,1,0,1,5,2,34.9,7,3,40,0,0,261,329,80,3,14,20,21,46,50,3,10,15,70,16,24,24,4,1,0,3,3,2,65.1,9,3,30,0,0,551,629,90,6,20,30,21,40,50,2,12,19,60,8,12,12,1,1,D
2026-02-11 14:30:00,Aston Villa,Brighton & Hove Albion,9,2,0,0,7,3,49.7,15,1,10,0,0,342,418,80,5,14,40,25,55,50,4,5,11,50,7,22,22,15,3,0,3,5,2,50.3,9,3,30,0,0,348,418,80,5,27,20,24,52,50,1,10,16,60,13,13,13,1,0,H
2026-02-11 14:30:00,Manchester City,Fulham,8,3,0,3,4,3,56.0,13,5,40,0,0,577,634,90,1,9,10,27,41,70,5,11,22,50,7,16,16,10,1,0,1,4,2,44.0,14,3,20,0,0,418,492,90,4,14,30,22,47,50,3,14,23,60,8,11,11,3,0,H
2026-02-11 14:30:00,Nottingham Forest,Wolverhampton Wanderers,12,0,0,2,8,3,62.7,35,10,30,0,0,426,480,90,10,38,30,27,37,70,9,10,18,60,6,26,26,13,2,0,0,2,10,37.3,7,3,40,0,0,216,287,80,1,11,10,24,65,40,0,14,20,70,6,39,39,0,0,D
2026-02-11 14:40:00,Crystal Palace,Burnley,11,2,0,1,8,1,64.5,21,3,10,0,0,462,572,80,11,25,40,21,54,40,11,8,14,60,8,25,25,8,1,0,1,2,1,35.5,8,3,40,0,0,212,316,70,3,13,20,16,66,20,1,8,16,50,7,37,37,2,3,A
2026-02-11 15:15:00,Sunderland,Liverpool,8,1,0,2,3,2,43.1,11,2,20,0,0,311,372,80,4,25,20,18,52,30,4,7,14,50,8,39,39,10,0,0,1,11,2,56.9,23,3,10,0,0,432,501,90,3,26,10,24,52,50,13,9,15,60,4,37,37,0,1,A
2026-02-12 15:00:00,Brentford,Arsenal,12,3,0,0,6,1,40.8,12,3,30,0,0,235,314,70,5,15,30,23,63,40,5,6,11,50,12,28,28,11,2,0,0,4,2,59.2,7,2,30,0,0,384,452,90,8,23,30,29,48,60,3,12,22,50,4,37,37,1,1,D
2026-02-18 15:00:00,Wolverhampton Wanderers,Arsenal,6,2,0,1,1,2,42.5,5,2,40,0,0,269,361,70,3,14,20,24,59,40,0,14,26,50,8,18,18,8,1,0,3,3,0,57.5,10,4,40,0,0,395,486,80,6,21,30,12,49,20,2,12,20,60,13,25,25,2,2,D
2026-02-21 10:00:00,Brentford,Brighton & Hove Albion,9,1,0,1,6,5,51.9,13,3,20,0,0,343,439,80,6,21,30,22,66,30,0,6,8,80,10,21,21,14,2,0,1,4,4,48.1,11,7,60,0,0,319,416,80,2,13,20,18,60,30,1,8,16,50,9,26,26,0,2,A
2026-02-21 10:00:00,Chelsea,Burnley,13,2,1,2,9,3,66.5,12,2,20,0,0,533,605,90,2,18,10,23,46,50,5,8,13,60,9,13,13,11,2,0,4,5,1,33.5,12,4,30,0,0,240,302,80,5,11,50,17,43,40,2,6,9,70,15,20,20,1,1,D
2026-02-21 10:00:00,Aston Villa,Leeds United,11,1,0,4,7,3,66.8,16,4,30,0,0,443,520,90,7,28,30,16,36,40,5,8,14,60,8,20,20,16,4,0,5,2,3,33.2,14,4,30,0,0,182,256,70,5,13,40,17,44,40,4,13,22,60,11,40,40,1,1,D
2026-02-21 12:30:00,West Ham United,AFC Bournemouth,10,1,0,2,9,5,42.0,20,3,20,0,0,242,334,70,8,22,40,15,41,40,7,13,21,60,8,30,30,11,1,0,3,5,3,58.0,10,5,50,0,0,384,484,80,1,15,10,17,56,30,4,12,17,70,8,25,25,0,0,D
2026-02-21 15:00:00,Manchester City,Newcastle United,12,2,0,1,5,6,54.8,15,7,50,0,0,393,467,80,6,11,50,19,49,40,2,13,21,60,5,23,23,13,5,0,5,5,5,45.2,13,7,50,0,0,305,375,80,4,13,30,27,59,50,3,10,18,60,8,18,18,2,1,H
2026-02-22 09:00:00,Nottingham Forest,Liverpool,13,2,0,1,7,3,47.2,18,2,10,0,0,348,421,80,7,30,20,24,52,50,8,14,18,80,10,35,35,9,0,0,1,2,2,52.8,10,4,40,0,0,412,489,80,4,13,30,28,49,60,4,7,14,50,9,27,27,0,1,A
2026-02-22 09:00:00,Crystal Palace,Wolverhampton Wanderers,19,5,0,0,7,7,60.6,14,3,20,0,0,340,425,80,5,24,20,18,49,40,4,12,15,80,7,31,31,13,1,1,1,3,2,39.4,12,7,60,0,1,210,277,80,7,15,50,12,43,30,3,9,17,50,13,48,48,1,0,H
2026-02-22 09:00:00,Sunderland,Fulham,6,1,0,1,6,1,53.4,12,2,20,2,1,334,406,80,1,14,10,24,53,50,5,5,12,40,5,25,25,13,1,0,1,4,1,46.6,12,4,30,2,1,287,355,80,3,17,20,19,57,30,3,10,22,50,9,37,37,1,3,A
2026-02-22 11:30:00,Tottenham Hotspur,Arsenal,17,2,0,0,2,2,39.9,6,5,80,0,0,232,320,70,2,11,20,10,50,20,1,13,24,50,15,42,42,11,1,0,0,5,4,60.1,20,7,40,0,0,378,480,80,3,15,20,17,50,30,7,21,31,70,8,15,15,1,4,A
2026-02-23 15:00:00,Everton,Manchester United,12,2,0,1,10,1,47.8,12,4,30,0,0,316,413,80,5,35,10,21,55,40,6,8,18,40,14,13,13,7,3,0,0,1,4,52.2,11,3,30,0,0,388,483,80,1,6,20,23,59,40,2,8,12,70,8,38,38,0,1,A
2026-02-27 15:00:00,Wolverhampton Wanderers,Aston Villa,13,3,0,1,0,4,39.2,9,2,20,0,0,256,328,80,2,11,20,14,47,30,3,12,16,80,10,25,25,19,3,0,0,5,0,60.8,14,5,40,0,0,439,502,90,7,26,30,24,35,70,6,5,11,50,11,15,15,2,0,H
2026-02-28 07:30:00,AFC Bournemouth,Sunderland,15,4,0,1,7,3,62.0,21,5,20,0,0,358,464,80,4,26,20,28,68,40,7,10,16,60,14,27,27,12,2,0,2,3,4,38.0,8,4,50,0,0,193,287,70,1,12,10,18,53,30,2,16,26,60,6,46,46,1,1,D
2026-02-28 10:00:00,Burnley,Brentford,9,2,0,2,4,2,41.3,12,3,30,0,0,256,326,80,5,17,30,20,55,40,2,8,13,60,4,39,39,9,2,0,0,8,1,58.7,16,7,40,0,0,376,463,80,5,22,20,28,62,50,5,11,14,80,8,28,28,3,4,A
2026-02-28 10:00:00,Newcastle United,Everton,15,2,0,0,7,2,66.1,17,7,40,0,0,510,587,90,4,30,10,10,31,30,4,5,13,40,5,11,11,7,3,0,4,2,4,33.9,9,5,60,0,0,231,311,70,2,4,50,18,51,40,1,14,27,50,9,41,41,2,3,A
2026-02-28 10:00:00,Liverpool,West Ham United,12,2,0,1,10,3,49.1,18,7,40,0,0,328,405,80,2,20,10,17,39,40,7,10,21,50,6,22,22,11,2,0,1,5,2,50.9,11,4,40,0,0,332,422,80,4,21,20,25,57,40,3,8,13,60,13,19,19,5,2,H
2026-02-28 12:30:00,Leeds United,Manchester City,10,0,0,1,5,4,33.0,14,2,10,0,0,229,311,70,6,22,30,18,46,40,5,5,14,40,9,26,26,8,3,0,4,3,2,67.0,14,5,40,0,0,587,655,90,5,21,20,23,46,50,4,8,17,50,0,39,39,0,1,A
2026-03-01 09:00:00,Brighton & Hove Albion,Nottingham Forest,12,3,0,0,4,3,53.5,14,7,50,0,0,453,522,90,6,11,50,25,53,50,2,11,17,60,6,20,20,13,1,0,4,4,5,46.5,13,4,30,0,0,380,444,90,4,17,20,29,50,60,6,5,9,60,8,15,15,2,1,H
2026-03-01 09:00:00,Fulham,Tottenham Hotspur,11,3,0,1,5,0,54.1,18,4,20,0,0,384,480,80,5,13,40,23,54,40,4,8,12,70,10,34,34,14,3,0,1,8,2,45.9,13,1,10,0,0,293,395,70,6,21,30,21,64,30,7,11,16,70,10,18,18,2,1,H
2026-03-01 09:00:00,Manchester United,Crystal Palace,13,2,0,1,7,2,61.0,20,11,60,2,1,527,612,90,11,25,40,22,38,60,5,6,14,40,4,16,16,12,2,1,2,1,9,39.0,8,3,40,0,0,308,399,80,1,6,20,17,61,30,2,5,16,30,6,29,29,2,1,H
2026-03-01 11:30:00,Arsenal,Chelsea,11,1,0,0,5,4,41.1,12,5,40,0,0,277,338,80,2,11,20,21,43,50,4,9,17,50,5,21,21,14,3,1,1,10,3,58.9,9,3,30,0,0,425,482,90,4,18,20,19,47,40,1,8,20,40,13,22,22,2,1,H
2026-03-03 14:30:00,AFC Bournemouth,Brentford,9,2,0,2,4,2,47.7,13,2,20,0,0,320,413,80,3,16,20,20,55,40,3,9,13,70,12,43,43,10,1,0,0,3,2,52.3,5,2,40,0,0,348,454,80,2,15,10,34,77,40,2,3,14,20,6,30,30,0,0,D
2026-03-03 14:30:00,Everton,Burnley,10,0,0,1,6,2,55.4,14,5,40,0,0,509,581,90,3,20,20,26,49,50,4,12,18,70,10,25,25,12,1,0,2,3,3,44.6,5,2,40,0,0,407,476,90,0,7,0,23,51,50,1,10,17,60,14,29,29,2,0,H
2026-03-03 14:30:00,Leeds United,Sunderland,15,1,0,2,9,0,70.3,18,4,20,0,0,455,550,80,4,29,10,30,66,50,9,6,16,40,6,20,20,19,3,0,5,2,4,29.7,3,1,30,2,1,143,233,60,1,8,10,17,73,20,2,11,16,70,7,50,50,0,1,A
2026-03-03 15:15:00,Wolverhampton Wanderers,Liverpool,10,2,0,0,2,5,34.2,4,3,80,0,0,249,315,80,2,9,20,6,33,20,0,16,25,60,9,35,35,13,1,0,1,11,1,65.8,20,7,40,0,0,540,609,90,5,27,20,21,33,60,3,9,16,60,8,11,11,2,1,H
2026-03-04 14:30:00,Brighton & Hove Albion,Arsenal,14,4,0,3,4,1,59.9,11,3,30,0,0,385,470,80,5,30,20,23,52,40,5,15,23,70,11,28,28,12,1,0,0,3,2,40.1,7,2,30,0,0,226,322,70,1,7,10,25,61,40,1,6,16,40,8,50,50,0,1,A
2026-03-04 14:30:00,Aston Villa,Chelsea,10,3,0,2,3,4,43.1,9,4,40,0,0,371,431,90,1,11,10,18,32,60,1,8,11,70,7,14,14,9,2,0,2,8,3,56.9,15,8,50,0,0,515,565,90,3,19,20,13,28,50,4,6,15,40,9,15,15,1,4,A
2026-03-04 14:30:00,Manchester City,Nottingham Forest,10,0,0,1,6,2,69.9,21,7,30,0,0,714,774,90,4,24,20,24,36,70,6,6,10,60,6,6,6,6,4,0,3,1,3,30.1,9,4,40,0,0,269,329,80,2,11,20,18,47,40,3,14,20,70,6,27,27,2,2,D
2026-03-04 14:30:00,Fulham,West Ham United,14,2,0,0,7,3,59.7,13,5,40,0,0,470,563,80,9,25,40,28,56,50,4,4,9,40,3,21,21,12,4,0,7,5,5,40.3,9,3,30,0,0,302,379,80,2,15,10,13,42,30,2,4,7,60,14,31,31,0,1,A
2026-03-04 15:15:00,Newcastle United,Manchester United,15,2,1,0,2,4,45.1,12,5,40,2,1,291,381,80,5,15,30,32,74,40,1,14,18,80,9,30,30,16,3,0,0,4,3,54.9,14,5,40,0,0,384,469,80,2,14,10,18,47,40,5,9,12,80,9,18,18,2,1,H
2026-03-05 15:00:00,Tottenham Hotspur,Crystal Palace,14,3,1,1,6,1,40.0,12,4,30,0,0,242,311,80,5,12,40,19,41,50,5,10,17,60,10,28,28,14,2,0,1,3,3,60.0,9,4,40,2,1,402,463,90,2,20,10,22,49,40,3,13,24,50,6,30,30,1,3,A
2026-03-14 11:00:00,Burnley,AFC Bournemouth,11,1,0,1,5,2,38.0,15,2,10,0,0,199,283,70,6,20,30,23,57,40,8,8,13,60,3,38,38,5,0,0,1,8,2,62.0,22,3,10,0,0,377,471,80,7,26,30,15,54,30,9,16,20,80,11,42,42,0,0,D
2026-03-14 11:00:00,Sunderland,Brighton & Hove Albion,7,1,0,3,7,3,48.0,14,4,30,0,0,332,422,80,0,20,0,22,57,40,5,4,7,60,5,22,22,12,2,0,1,3,3,52.0,12,4,30,0,0,371,471,80,5,13,40,15,57,30,5,17,26,70,12,43,43,0,1,A
2026-03-14 13:30:00,Arsenal,Everton,11,0,0,2,8,3,64.5,25,7,30,0,0,503,581,90,4,21,20,14,36,40,9,12,16,80,4,29,29,12,0,0,1,3,4,35.5,9,3,30,0,0,238,321,70,2,9,20,14,53,30,4,8,15,50,16,33,33,2,0,H
2026-03-14 13:30:00,Chelsea,Newcastle United,9,2,0,0,8,4,67.1,22,3,10,0,0,620,675,90,7,28,30,17,28,60,9,6,11,50,9,22,22,10,2,0,0,1,3,32.9,7,5,70,0,0,259,331,80,2,12,20,17,51,30,1,9,16,60,7,29,29,0,1,A
2026-03-14 16:00:00,West Ham United,Manchester City,14,2,0,3,1,5,28.5,1,1,100,0,0,224,304,70,1,6,20,13,48,30,0,15,25,60,12,34,34,5,2,0,2,15,0,71.5,24,6,30,0,0,684,755,90,10,33,30,21,39,50,7,7,8,90,13,16,16,1,1,D
2026-03-15 10:00:00,Manchester United,Aston Villa,10,3,0,1,6,1,52.0,16,6,40,0,0,410,479,90,2,21,10,22,45,50,4,9,19,50,12,22,22,5,2,0,1,6,3,48.0,9,2,20,0,0,376,442,90,6,17,40,15,40,40,2,10,16,60,8,31,31,3,1,H
2026-03-15 10:00:00,Nottingham Forest,Fulham,8,2,0,3,5,1,45.8,11,2,20,0,0,321,401,80,3,14,20,28,52,50,5,7,8,90,7,22,22,11,3,0,0,4,2,54.2,6,1,20,0,0,378,474,80,3,18,20,26,57,50,2,10,16,60,10,22,22,0,0,D
2026-03-15 10:00:00,Crystal Palace,Leeds United,12,2,0,5,8,3,66.6,12,0,0,0,0,364,463,80,4,21,20,27,64,40,7,8,9,90,3,51,51,11,1,1,2,3,0,33.4,10,3,30,0,1,142,228,60,4,14,30,18,56,30,3,8,15,50,6,55,55,0,0,D
2026-03-15 12:30:00,Liverpool,Tottenham Hotspur,8,0,0,0,3,6,63.3,17,4,20,0,0,465,553,80,3,20,20,21,48,40,6,8,12,70,11,17,17,13,0,0,1,4,3,36.7,13,7,50,0,0,233,320,70,4,12,30,26,68,40,3,11,20,60,12,36,36,1,1,D
2026-03-16 16:00:00,Brentford,Wolverhampton Wanderers,12,2,0,0,1,2,49.8,10,3,30,0,0,336,438,80,7,14,50,24,60,40,0,10,15,70,11,25,25,10,4,0,2,5,1,50.2,13,4,30,0,0,346,428,80,7,27,30,30,62,50,3,7,8,90,8,27,27,2,2,D
2026-03-20 16:00:00,AFC Bournemouth,Manchester United,10,2,0,2,6,4,54.9,16,5,30,2,1,426,502,80,2,22,10,19,40,50,4,8,13,60,9,24,24,9,2,1,0,8,3,45.1,14,5,40,2,1,320,415,80,3,15,20,20,49,40,7,10,16,60,12,30,30,2,2,D
2026-03-21 08:45:00,Brighton & Hove Albion,Liverpool,11,5,0,2,4,4,47.0,16,7,40,0,0,297,380,80,6,16,40,23,49,50,2,6,11,50,7,25,25,11,5,0,1,8,4,53.0,12,5,40,0,0,346,431,80,5,18,30,24,61,40,3,6,12,50,12,30,30,2,1,H
2026-03-21 11:00:00,Fulham,Burnley,6,2,0,1,6,4,55.5,22,6,30,2,1,442,518,90,5,22,20,30,55,50,6,13,18,70,6,25,25,9,2,1,0,6,3,44.5,9,5,60,0,0,343,413,80,4,18,20,36,70,50,3,6,13,50,7,24,24,3,1,H
2026-03-21 13:30:00,Everton,Chelsea,6,0,0,0,3,4,36.4,10,9,90,0,0,318,392,80,6,18,30,20,53,40,1,11,22,50,7,29,29,7,2,0,0,9,5,63.6,12,4,30,0,0,617,690,90,1,24,0,15,32,50,4,7,15,50,7,22,22,3,0,H
2026-03-21 16:00:00,Leeds United,Brentford,6,2,0,1,6,2,57.0,14,4,30,0,0,369,461,80,5,32,20,26,50,50,7,6,15,40,8,38,38,9,0,0,3,2,4,43.0,6,2,30,0,0,234,358,70,5,13,40,16,83,20,1,8,11,70,7,47,47,0,0,D
2026-03-22 08:00:00,Newcastle United,Sunderland,8,1,0,1,9,4,59.9,16,4,30,0,0,328,403,80,7,23,30,19,57,30,4,9,13,70,6,38,38,19,6,0,0,5,3,40.1,17,7,40,0,0,187,262,70,6,23,30,13,53,20,5,14,17,80,4,32,32,1,2,A
2026-03-22 10:15:00,Tottenham Hotspur,Nottingham Forest,13,1,0,2,13,4,58.9,14,3,20,0,0,365,459,80,6,31,20,14,42,30,6,11,19,60,7,14,14,13,2,0,0,3,3,41.1,8,7,90,0,0,252,336,80,3,11,30,21,68,30,1,14,21,70,9,40,40,0,3,A
2026-03-22 10:15:00,Aston Villa,West Ham United,3,0,0,0,6,1,58.9,23,7,30,0,0,452,507,90,5,17,30,22,39,60,7,13,18,70,4,17,17,7,1,0,4,6,4,41.1,9,1,10,0,0,283,342,80,6,19,30,23,49,50,5,8,13,60,10,21,21,2,0,H
2026-04-10 15:00:00,West Ham United,Wolverhampton Wanderers,11,2,0,0,5,4,44.1,18,7,40,0,0,288,355,80,4,17,20,28,60,50,4,9,23,40,5,21,21,7,2,0,1,2,3,55.9,14,3,20,0,0,393,456,90,3,17,20,8,26,30,3,10,17,60,8,19,19,4,0,H
2026-04-11 07:30:00,Arsenal,AFC Bournemouth,12,1,0,2,10,1,52.4,15,3,20,2,1,314,389,80,5,22,20,21,47,40,8,11,17,60,7,23,23,18,3,0,0,1,2,47.6,8,3,40,0,0,292,367,80,1,8,10,13,51,30,2,11,20,60,9,28,28,1,2,A
2026-04-11 10:00:00,Burnley,Brighton & Hove Albion,7,2,0,2,8,3,50.4,10,5,50,0,0,387,475,80,6,22,30,28,61,50,2,6,11,50,10,25,25,11,1,0,1,2,4,49.6,13,6,50,0,0,397,477,80,8,16,50,19,46,40,4,19,29,70,18,26,26,0,2,A
2026-04-11 10:00:00,Brentford,Everton,6,0,0,0,2,4,54.7,17,4,20,2,1,380,457,80,9,22,40,38,72,50,6,8,15,50,8,30,30,7,2,0,1,3,2,45.3,14,7,50,0,0,304,376,80,2,20,10,14,41,30,4,9,16,60,7,44,44,2,2,D
2026-04-11 12:30:00,Liverpool,Fulham,10,0,0,4,6,4,53.0,18,5,30,0,0,447,510,90,2,17,10,29,52,60,6,11,17,60,7,26,26,4,0,0,2,9,3,47.0,19,4,20,0,0,371,435,90,11,30,40,24,40,60,8,11,20,60,15,28,28,2,0,H
2026-04-12 09:00:00,Nottingham Forest,Aston Villa,15,2,0,1,7,5,40.8,15,4,30,0,0,278,336,80,6,22,30,19,39,50,5,12,15,80,9,21,21,10,2,0,2,3,4,59.2,12,5,40,0,0,442,501,90,3,14,20,21,43,50,0,6,15,40,8,12,12,1,1,D
2026-04-12 09:00:00,Crystal Palace,Newcastle United,17,0,0,1,2,2,41.2,11,5,50,2,1,303,380,80,5,14,40,23,60,40,3,13,21,60,12,41,41,12,3,0,0,4,3,58.8,7,3,40,0,0,437,542,80,1,20,10,20,54,40,3,4,6,70,12,16,16,2,1,H
2026-04-12 09:00:00,Sunderland,Tottenham Hotspur,14,3,0,0,2,7,52.1,13,2,20,0,0,318,403,80,6,18,30,19,50,40,3,13,22,60,9,22,22,15,3,0,0,6,1,47.9,11,7,60,0,0,301,365,80,8,24,30,22,46,50,1,5,10,50,8,28,28,1,0,H
2026-04-12 11:30:00,Chelsea,Manchester City,10,3,0,6,4,5,37.3,12,3,30,0,0,342,407,80,4,9,40,12,35,30,5,10,21,50,5,21,21,15,1,0,0,12,3,62.7,18,8,40,0,0,627,685,90,6,22,30,20,29,70,6,8,20,40,8,10,10,0,3,A
2026-04-13 15:00:00,Manchester United,Leeds United,12,3,1,1,11,3,52.7,20,9,50,0,0,420,497,80,6,25,20,29,47,60,6,13,18,70,15,25,25,15,2,0,0,4,6,47.3,15,6,40,0,0,376,453,80,8,17,50,31,58,50,5,8,12,70,7,37,37,1,2,A
2026-04-18 07:30:00,Brentford,Fulham,8,0,0,1,9,0,48.1,13,4,30,0,0,310,391,80,8,22,40,16,60,30,3,7,12,60,3,15,15,13,1,0,1,3,4,51.9,11,0,0,0,0,355,435,80,2,13,20,16,50,30,6,10,13,80,5,22,22,0,0,D
2026-04-18 10:00:00,Newcastle United,AFC Bournemouth,11,2,0,1,2,1,53.5,12,3,30,0,0,346,436,80,5,19,30,22,57,40,5,8,15,50,2,25,25,12,4,0,1,3,2,46.5,12,3,30,0,0,288,386,70,4,12,30,17,61,30,3,14,25,60,6,27,27,1,2,A
2026-04-18 10:00:00,Leeds United,Wolverhampton Wanderers,9,2,0,0,5,1,56.1,17,6,40,2,1,378,465,80,4,17,20,24,49,50,4,6,12,50,15,22,22,17,1,0,1,6,3,43.9,7,2,30,0,0,264,357,70,4,18,20,29,72,40,3,13,23,60,4,35,35,3,0,H
2026-04-18 12:30:00,Tottenham Hotspur,Brighton & Hove Albion,14,3,0,2,7,1,42.4,13,6,50,0,0,263,328,80,3,14,20,12,42,30,3,10,14,70,11,32,32,14,1,0,0,5,4,57.6,10,3,30,0,0,364,435,80,8,28,30,14,35,40,3,7,14,50,8,28,28,2,2,D
2026-04-18 15:00:00,Chelsea,Manchester United,12,1,0,2,7,1,58.7,21,3,10,0,0,541,605,90,8,28,30,30,51,60,13,6,10,60,10,14,14,13,3,0,0,1,3,41.3,4,1,30,0,0,362,431,80,1,11,10,15,40,40,2,11,16,70,6,29,29,0,1,A
2026-04-19 09:00:00,Nottingham Forest,Burnley,8,0,0,2,4,2,51.3,10,4,40,0,0,389,474,80,5,20,30,21,53,40,2,8,22,40,5,17,17,12,2,0,0,4,0,48.7,4,3,80,0,0,370,453,80,4,14,30,23,58,40,1,11,22,50,13,34,34,4,1,H
2026-04-19 09:00:00,Everton,Liverpool,8,2,0,4,1,3,43.6,10,4,40,0,0,288,377,80,4,16,30,25,65,40,1,18,29,60,10,28,28,12,0,0,0,6,3,56.4,14,6,40,0,0,413,498,80,2,10,20,15,55,30,4,8,12,70,10,25,25,1,2,A
2026-04-19 09:00:00,Aston Villa,Sunderland,11,1,0,0,4,4,49.9,15,7,50,0,0,341,403,80,6,16,40,31,52,60,3,6,10,60,5,20,20,11,3,0,3,5,3,50.1,10,7,70,0,0,340,406,80,4,16,30,13,41,30,1,9,14,60,7,23,23,4,3,H
2026-04-19 11:30:00,Manchester City,Arsenal,5,2,0,0,8,1,58.6,15,5,30,0,0,424,498,90,3,16,20,24,51,50,5,10,12,80,9,27,27,12,2,0,4,5,2,41.4,9,3,30,0,0,262,348,80,2,12,20,22,60,40,3,14,22,60,9,26,26,2,1,H
2026-04-20 15:00:00,Crystal Palace,West Ham United,13,2,0,0,4,3,54.2,9,1,10,0,0,370,454,80,4,24,20,16,50,30,1,10,13,80,5,41,41,12,1,0,2,6,1,45.8,9,4,40,0,0,271,366,70,4,30,10,19,60,30,2,13,16,80,6,30,30,0,0,D
2026-04-21 15:00:00,Brighton & Hove Albion,Chelsea,15,1,0,0,6,0,52.9,15,9,60,0,0,456,532,90,3,23,10,21,55,40,2,8,14,60,8,20,20,6,1,0,4,5,4,47.1,6,0,0,0,0,400,475,80,2,12,20,15,43,30,4,3,7,40,8,25,25,3,0,H
2026-04-22 15:00:00,AFC Bournemouth,Leeds United,6,3,0,1,12,2,59.9,17,7,40,0,0,378,473,80,11,32,30,26,62,40,5,6,10,60,13,24,24,10,0,0,1,1,5,40.1,10,3,30,0,0,236,315,70,3,13,20,23,49,50,2,14,22,60,6,62,62,2,2,D
2026-04-22 15:00:00,Burnley,Manchester City,10,0,0,4,3,8,34.5,9,1,10,0,0,281,356,80,2,9,20,18,61,30,4,13,24,50,12,29,29,12,0,0,1,11,1,65.5,28,9,30,0,0,620,689,90,1,12,10,9,24,40,10,10,11,90,13,17,17,0,1,A
2026-04-24 15:00:00,Sunderland,Nottingham Forest,13,2,0,1,3,2,61.1,14,4,30,0,0,358,436,80,4,22,20,20,51,40,7,8,9,90,8,20,20,15,5,0,1,6,4,38.9,10,6,60,0,0,199,273,70,4,16,30,21,49,40,2,9,15,60,7,53,53,0,5,A
2026-04-25 07:30:00,Fulham,Aston Villa,14,2,0,7,2,1,38.9,13,6,50,0,0,276,337,80,4,15,30,16,36,40,5,12,18,70,16,25,25,12,2,0,0,5,5,61.1,10,1,10,0,0,456,529,90,1,18,10,24,44,50,1,10,13,80,6,9,9,1,0,H
2026-04-25 10:00:00,Liverpool,Crystal Palace,10,1,0,1,5,5,53.4,9,3,30,0,0,378,465,80,4,12,30,27,58,50,4,6,9,70,4,36,36,10,3,0,4,8,0,46.6,14,7,50,0,0,326,400,80,6,18,30,24,55,40,1,10,13,80,9,29,29,3,1,H
2026-04-25 10:00:00,West Ham United,Everton,9,3,0,1,3,1,44.0,10,3,30,0,0,301,374,80,4,12,30,18,57,30,3,14,22,60,10,27,27,11,4,0,2,4,1,56.0,11,3,30,0,0,397,477,80,1,19,10,24,51,50,5,10,17,60,6,21,21,2,1,H
2026-04-25 10:00:00,Wolverhampton Wanderers,Tottenham Hotspur,8,3,0,1,5,1,40.9,11,2,20,0,0,234,309,80,9,21,40,18,48,40,4,22,32,70,6,22,22,14,4,0,2,5,2,59.1,11,2,20,0,0,401,468,90,1,16,10,36,56,60,2,19,29,70,15,23,23,0,1,A
2026-04-25 12:30:00,Arsenal,Newcastle United,13,2,0,2,7,3,45.2,11,4,40,0,0,323,400,80,2,13,20,13,47,30,5,9,15,60,10,24,24,10,2,0,1,2,3,54.8,13,3,20,0,0,415,486,90,4,18,20,18,48,40,5,7,14,50,12,21,21,1,0,H
2026-04-27 15:00:00,Manchester United,Brentford,6,2,0,1,7,5,44.8,11,6,50,0,0,340,414,80,3,15,20,29,54,50,0,15,29,50,8,45,45,9,4,0,2,8,3,55.2,12,4,30,0,0,433,497,90,8,33,20,24,45,50,4,5,9,60,15,21,21,2,1,H
2026-05-01 15:00:00,Leeds United,Burnley,12,4,0,0,5,2,47.6,18,8,40,0,0,359,452,80,6,20,30,25,58,40,5,7,10,70,12,13,13,12,3,0,1,0,5,52.4,9,3,30,0,0,421,508,80,5,8,60,20,50,40,4,6,13,50,8,33,33,3,1,H
2026-05-02 10:00:00,Brentford,West Ham United,8,1,0,0,2,4,48.4,14,6,40,2,1,263,333,80,5,13,40,22,50,40,3,12,19,60,5,20,20,12,3,0,1,6,4,51.6,13,4,30,0,0,269,348,80,7,21,30,26,56,50,0,15,25,60,8,19,19,3,0,H
2026-05-02 10:00:00,Newcastle United,Brighton & Hove Albion,10,3,0,1,2,3,32.3,13,6,50,0,0,164,237,70,5,13,40,18,46,40,1,9,11,80,6,44,44,12,3,0,1,10,4,67.7,13,4,30,0,0,426,506,80,6,38,20,23,63,40,3,9,11,80,3,18,18,3,1,H
2026-05-02 10:00:00,Wolverhampton Wanderers,Sunderland,11,0,0,1,6,1,57.6,20,7,40,0,0,377,438,90,12,29,40,23,40,60,5,5,12,40,6,28,28,11,4,1,0,3,6,42.4,10,2,20,0,0,249,327,80,3,16,20,30,59,50,5,10,17,60,9,23,23,1,1,D
2026-05-02 12:30:00,Arsenal,Fulham,7,0,0,7,3,1,53.8,18,9,50,0,0,453,511,90,3,9,30,23,48,50,3,2,6,30,11,15,15,12,1,0,0,4,6,46.2,10,1,10,0,0,359,433,80,1,12,10,13,40,30,6,16,22,70,5,20,20,3,0,H
2026-05-03 09:00:00,AFC Bournemouth,Crystal Palace,10,0,0,3,7,1,49.8,16,5,30,2,1,320,391,80,5,19,30,13,45,30,6,10,17,60,9,26,26,11,2,0,0,1,3,50.2,7,1,10,0,0,314,405,80,3,11,30,24,66,40,1,9,22,40,4,31,31,3,0,H
2026-05-03 10:30:00,Manchester United,Liverpool,12,2,0,3,3,3,37.2,18,6,30,0,0,287,362,80,7,13,50,19,44,40,6,12,19,60,16,22,22,11,2,0,3,2,3,62.8,13,5,40,0,0,541,613,90,4,14,30,13,35,40,3,4,8,50,10,14,14,3,2,H
2026-05-03 14:00:00,Aston Villa,Tottenham Hotspur,12,2,0,2,5,3,44.8,5,1,20,0,0,312,374,80,2,13,20,9,25,40,3,12,19,60,5,14,14,12,5,0,4,5,0,55.2,10,5,50,0,0,400,466,90,8,13,60,14,44,30,2,13,23,60,10,16,16,1,2,A
2026-05-04 10:00:00,Chelsea,Nottingham Forest,12,3,0,1,10,1,67.0,21,5,20,0,1,597,659,90,10,35,30,18,33,50,8,6,14,40,7,9,9,10,1,0,2,1,4,33.0,6,4,70,2,1,267,334,80,1,4,30,16,49,30,1,10,22,50,10,25,25,1,3,A
2026-05-04 15:00:00,Everton,Manchester City,15,4,0,4,5,1,24.5,14,6,40,0,0,138,201,70,3,7,40,18,45,40,6,13,26,50,4,22,22,5,1,0,0,9,3,75.5,21,4,20,0,0,568,629,90,5,23,20,16,36,40,9,12,18,70,2,20,20,3,3,D
2026-05-09 07:30:00,Liverpool,Chelsea,17,2,0,2,5,2,48.4,8,3,40,0,0,398,473,80,6,16,40,15,44,30,1,6,10,60,6,10,10,17,4,0,2,2,2,51.6,6,3,50,0,0,446,515,90,2,7,30,11,43,30,1,10,20,50,10,14,14,1,1,D
2026-05-09 10:00:00,Brighton & Hove Albion,Wolverhampton Wanderers,9,1,0,1,7,1,71.8,14,6,40,0,0,498,578,90,8,25,30,28,55,50,3,10,15,70,10,7,7,11,2,0,3,1,3,28.2,5,1,20,0,0,154,225,70,3,6,50,14,53,30,0,7,17,40,13,32,32,3,0,H
2026-05-09 10:00:00,Sunderland,Manchester United,12,0,0,1,7,1,51.0,15,4,30,0,0,414,493,80,2,17,10,18,37,50,5,8,10,80,10,22,22,12,3,0,0,8,4,49.0,11,1,10,0,0,392,478,80,4,16,30,28,56,50,5,10,14,70,11,24,24,0,0,D
2026-05-09 10:00:00,Fulham,AFC Bournemouth,12,4,1,1,11,3,59.6,14,2,10,0,0,456,520,90,3,28,10,23,38,60,6,12,16,80,5,9,9,21,2,1,3,2,2,40.4,10,5,50,0,0,308,359,90,3,9,30,25,55,50,2,8,11,70,5,33,33,0,1,A
2026-05-09 12:30:00,Manchester City,Brentford,8,4,0,0,10,2,58.4,25,10,40,0,0,409,474,90,5,19,30,17,35,50,8,8,14,60,5,30,30,14,2,0,2,2,7,41.6,4,2,50,0,0,259,337,80,1,12,10,19,58,30,1,14,24,60,11,29,29,3,0,H
2026-05-10 09:00:00,Burnley,Aston Villa,18,1,0,1,2,5,33.5,15,6,40,0,0,192,260,70,3,15,20,12,42,30,5,13,21,60,9,31,31,8,1,0,1,8,4,66.5,18,7,40,0,0,456,528,90,6,26,20,17,38,40,5,8,13,60,5,13,13,2,2,D
2026-05-10 09:00:00,Crystal Palace,Everton,5,0,0,1,5,5,59.3,21,8,40,0,0,387,467,80,8,22,40,20,51,40,5,9,21,40,4,31,31,13,2,0,2,10,6,40.7,13,6,50,0,0,232,315,70,6,20,30,19,53,40,4,7,14,50,6,25,25,2,2,D
2026-05-10 09:00:00,Nottingham Forest,Newcastle United,16,2,0,1,2,5,46.2,17,6,40,0,0,343,421,80,3,14,20,17,55,30,6,8,16,50,5,26,26,11,0,0,0,1,5,53.8,16,6,40,0,0,421,495,90,4,14,30,15,35,40,4,9,17,50,9,28,28,1,1,D
2026-05-10 11:30:00,West Ham United,Arsenal,14,3,0,0,4,1,36.4,9,3,30,0,0,187,283,70,2,14,10,17,63,30,4,7,15,50,5,24,24,12,4,0,0,3,3,63.6,15,4,30,0,0,416,500,80,4,17,20,14,49,30,5,4,8,50,3,26,26,0,1,A
2026-05-11 15:00:00,Tottenham Hotspur,Leeds United,12,3,0,1,14,3,57.0,16,3,20,0,0,345,431,80,9,30,30,21,49,40,5,14,21,70,11,21,21,7,1,0,3,2,1,43.0,11,4,40,2,1,243,336,70,6,14,40,21,54,40,1,19,25,80,9,47,47,1,1,D
2026-05-13 15:00:00,Manchester City,Crystal Palace,10,0,0,0,9,2,72.7,15,4,30,0,0,662,743,90,4,18,20,21,43,50,3,5,11,50,7,6,6,7,2,0,4,4,1,27.3,6,2,30,0,0,216,281,80,2,7,30,18,49,40,2,14,28,50,5,40,40,3,0,H
2026-05-15 15:00:00,Aston Villa,Liverpool,12,3,0,2,4,3,44.7,14,9,60,0,0,299,365,80,1,11,10,21,47,40,3,9,11,80,5,24,24,9,1,0,3,9,5,55.3,16,5,30,0,0,384,443,90,9,24,40,17,34,50,3,6,9,70,9,16,16,4,2,H
2026-05-17 07:30:00,Manchester United,Nottingham Forest,11,2,0,0,7,2,48.1,29,8,30,0,0,383,438,90,7,16,40,31,45,70,12,9,16,60,10,32,32,5,1,0,1,6,5,51.9,11,4,40,0,0,398,472,80,6,20,30,15,40,40,3,13,20,70,12,18,18,3,2,H
2026-05-17 10:00:00,Everton,Sunderland,14,3,0,0,3,0,47.5,10,4,40,0,0,346,407,90,7,18,40,18,56,30,2,9,13,70,10,35,35,9,0,0,1,2,3,52.5,7,3,40,0,0,384,451,90,2,20,10,17,42,40,0,6,10,60,3,30,30,1,3,A
2026-05-17 10:00:00,Wolverhampton Wanderers,Fulham,20,1,0,1,3,4,31.1,11,3,30,0,0,181,261,70,6,14,40,19,52,40,0,11,16,70,12,22,22,8,0,0,2,6,2,68.9,13,5,40,2,1,512,592,90,4,20,20,19,37,50,3,11,19,60,10,24,24,1,1,D
2026-05-17 10:00:00,Leeds United,Brighton & Hove Albion,9,1,0,3,7,7,33.7,7,1,10,0,0,188,280,70,3,20,20,17,56,30,3,5,12,40,3,37,37,7,0,0,2,8,1,66.3,19,8,40,0,0,471,556,80,13,36,40,13,46,30,5,3,6,50,6,34,34,1,0,H
2026-05-17 10:00:00,Brentford,Crystal Palace,7,1,0,2,9,3,58.2,14,3,20,0,0,372,467,80,3,22,10,27,60,50,3,4,5,80,7,40,40,5,3,0,1,4,1,41.8,16,5,30,2,1,229,344,70,4,12,30,19,72,30,6,11,18,60,13,43,43,2,2,D
2026-05-17 12:30:00,Newcastle United,West Ham United,8,1,0,2,9,7,55.2,15,7,50,0,0,414,503,80,4,18,20,19,49,40,6,17,24,70,8,14,14,11,3,0,2,1,4,44.8,15,8,50,0,0,340,410,80,6,17,40,20,52,40,4,14,20,70,9,19,19,3,1,H
2026-05-18 15:00:00,Arsenal,Burnley,7,1,0,1,3,0,60.4,13,3,20,0,0,444,513,90,2,13,20,18,43,40,3,9,17,50,2,15,15,16,3,0,0,3,2,39.6,5,0,0,0,0,266,336,80,4,10,40,23,60,40,1,11,21,50,7,24,24,1,0,H
2026-05-19 14:30:00,AFC Bournemouth,Manchester City,16,4,0,2,7,3,45.7,10,2,20,0,0,361,446,80,3,14,20,15,50,30,3,7,18,40,2,36,36,7,2,0,2,6,2,54.3,14,5,40,0,0,464,536,90,2,17,10,24,45,50,6,4,5,80,6,18,18,1,1,D
2026-05-19 15:15:00,Chelsea,Tottenham Hotspur,11,4,0,1,3,2,44.2,9,4,40,0,0,360,432,80,1,10,10,15,45,30,2,14,19,70,14,10,10,18,3,0,1,4,2,55.8,9,3,30,0,0,479,546,90,4,16,30,23,42,50,1,9,14,60,11,14,14,2,1,H
2026-05-24 11:00:00,Tottenham Hotspur,Everton,15,3,0,0,7,1,49.8,20,2,10,0,0,321,381,80,9,24,40,14,39,40,9,15,21,70,10,35,35,18,2,0,0,7,1,50.2,10,1,10,0,0,316,384,80,7,23,30,16,47,30,3,10,22,50,4,26,26,1,0,H
2026-05-24 11:00:00,Brighton & Hove Albion,Manchester United,11,0,0,1,0,5,52.4,13,2,20,0,0,415,484,90,4,20,20,18,37,50,5,12,17,70,8,12,12,8,1,0,0,3,2,47.6,11,7,60,0,0,372,450,80,1,11,10,22,55,40,1,12,18,70,10,14,14,0,3,A
2026-05-24 11:00:00,West Ham United,Leeds United,11,0,0,0,6,3,42.2,16,9,60,0,0,239,316,80,4,25,20,16,53,30,3,8,12,70,7,22,22,14,3,0,1,4,5,57.8,13,3,20,0,0,374,453,80,4,18,20,24,50,50,4,9,21,40,7,26,26,3,0,H
2026-05-24 11:00:00,Sunderland,Chelsea,15,5,0,2,6,2,43.9,21,6,30,0,0,285,346,80,1,18,10,21,44,50,7,12,18,70,11,19,19,12,3,1,1,2,5,56.1,8,3,40,0,0,376,452,80,1,9,10,19,50,40,2,3,7,40,9,23,23,2,1,H
2026-05-24 11:00:00,Fulham,Newcastle United,13,2,0,1,6,2,44.9,21,6,30,0,0,345,418,80,2,13,20,20,46,40,6,13,16,80,12,13,13,6,2,0,1,6,4,55.1,7,2,30,0,0,445,508,90,2,16,10,18,45,40,2,11,14,80,10,19,19,2,0,H
2026-05-24 11:00:00,Manchester City,Aston Villa,8,1,0,1,9,3,52.5,16,3,20,0,0,426,481,90,1,14,10,19,30,60,6,6,10,60,7,15,15,4,0,0,1,4,2,47.5,12,5,40,0,0,397,440,90,3,8,40,20,40,50,2,19,28,70,11,37,37,1,2,A
2026-05-24 11:00:00,Crystal Palace,Arsenal,9,0,0,1,3,5,39.7,8,3,40,0,0,261,328,80,4,18,20,18,47,40,2,4,12,30,10,23,23,12,1,0,0,4,2,60.3,17,7,40,0,0,460,518,90,5,13,40,14,36,40,4,3,7,40,5,28,28,1,2,A
2026-05-24 11:00:00,Nottingham Forest,AFC Bournemouth,11,1,0,3,6,3,45.2,15,5,30,0,0,307,396,80,6,17,40,18,52,30,5,8,16,50,10,28,28,7,1,0,1,3,3,54.8,17,4,20,0,0,409,485,80,2,15,10,21,50,40,7,8,21,40,18,18,18,1,1,D
2026-05-24 11:00:00,Liverpool,Brentford,9,2,0,1,14,1,60.2,24,8,30,0,0,438,508,90,5,27,20,25,55,50,8,4,15,30,6,17,17,9,3,0,0,2,7,39.8,11,2,20,0,0,262,333,80,6,18,30,15,51,30,3,10,21,50,3,28,28,1,1,D
2026-05-24 11:00:00,Burnley,Wolverhampton Wanderers,10,2,0,0,7,3,70.4,16,8,50,0,0,498,569,90,6,28,20,31,53,60,6,8,9,90,7,13,13,11,2,0,3,7,7,29.6,16,4,30,1,1,163,225,70,8,22,40,13,45,30,7,10,17,60,9,28,28,1,1,D
