Team,possessionPct,passPct,totalLongBalls,totalCrosses,totalTackles,totalShots,interceptions,tackle_success_pct,pc1,pc2,style_cluster,style_name
Brentford,47.56578947368421,79.21052631578948,57.81578947368421,17.973684210526315,14.578947368421053,10.657894736842104,8.710526315789474,58.48375451263538,-1.486769303567298,0.13964892536244938,0,Direct / Counter-Attacking
Burnley,42.32368421052632,78.15789473684211,55.63157894736842,13.763157894736842,16.763157894736842,9.342105263157896,9.026315789473685,57.299843014128726,-2.9254968295307076,-1.7642123390170488,0,Direct / Counter-Attacking
Sunderland,44.902631578947364,78.15789473684211,52.13157894736842,16.105263157894736,15.394736842105264,10.421052631578947,7.868421052631579,60.68376068376069,-1.3740765767764425,-0.7736871073019315,0,Direct / Counter-Attacking
Aston Villa,53.56842105263158,85.26315789473684,42.44736842105263,15.894736842105264,15.447368421052632,12.710526315789474,6.2631578947368425,59.45485519591141,2.316084801870835,-1.3198428448685762,1,Possession-Based
Manchester City,60.54210526315789,88.42105263157895,38.526315789473685,16.289473684210527,14.394736842105264,15.631578947368421,7.947368421052632,61.060329067641675,4.087589307067089,-1.4987067901611155,1,Possession-Based
Liverpool,59.26052631578948,86.05263157894737,46.31578947368421,20.13157894736842,13.0,15.5,6.947368421052632,61.336032388663966,3.659458407151464,0.6274223465194859,1,Possession-Based
Arsenal,56.163157894736834,83.6842105263158,44.81578947368421,17.81578947368421,15.842105263157896,14.552631578947368,7.078947368421052,55.81395348837209,2.279437959550713,-0.28497396810331904,1,Possession-Based
AFC Bournemouth,50.147368421052626,79.47368421052632,53.18421052631579,19.236842105263158,17.210526315789473,13.789473684210526,9.631578947368421,57.79816513761469,-0.7800141763119007,0.7094878686044701,2,Possession-Based (2)
Manchester United,51.78947368421053,82.36842105263158,49.71052631578947,16.842105263157894,18.236842105263158,15.68421052631579,8.552631578947368,59.16305916305916,0.5398662733271783,-0.43804029456055527,2,Possession-Based (2)
Chelsea,57.68684210526315,86.3157894736842,45.473684210526315,17.894736842105264,15.578947368421053,13.394736842105264,9.763157894736842,57.0945945945946,1.685711157156958,-0.5677349947808783,2,Possession-Based (2)
Fulham,51.713157894736845,83.6842105263158,48.13157894736842,18.210526315789473,17.105263157894736,12.736842105263158,8.578947368421053,59.84615384615385,0.5023209555885567,-0.06656353603904729,2,Possession-Based (2)
Brighton & Hove Albion,54.06842105263158,83.42105263157895,46.973684210526315,18.842105263157894,17.789473684210527,13.026315789473685,8.473684210526315,60.79881656804733,0.7850174293101569,0.2333770496937674,2,Possession-Based (2)
Leeds United,45.800000000000004,77.89473684210526,52.60526315789474,17.973684210526315,17.394736842105264,12.578947368421053,8.921052631578947,58.698940998487146,-1.4823729807582195,0.20634155372457205,3,Direct / Counter-Attacking (2)
Everton,43.66842105263158,78.94736842105263,52.78947368421053,17.763157894736842,18.473684210526315,11.105263157894736,8.18421052631579,57.407407407407405,-1.8370793301829014,0.14522732827932025,3,Direct / Counter-Attacking (2)
Tottenham Hotspur,50.35,81.05263157894737,49.078947368421055,20.342105263157894,19.55263157894737,11.473684210526315,8.394736842105264,61.23822341857335,-0.6318872493083119,1.145336705243676,3,Direct / Counter-Attacking (2)
Crystal Palace,45.92368421052631,77.89473684210526,54.71052631578947,16.026315789473685,18.55263157894737,11.631578947368421,8.263157894736842,58.723404255319146,-2.0116858620490286,-0.544139305542283,3,Direct / Counter-Attacking (2)
West Ham United,42.48947368421052,77.89473684210526,53.28947368421053,16.789473684210527,17.63157894736842,10.631578947368421,9.131578947368421,60.14925373134328,-2.4448002332831136,-0.36516551623898585,3,Direct / Counter-Attacking (2)
Wolverhampton Wanderers,42.72105263157895,78.6842105263158,51.68421052631579,18.36842105263158,19.05263157894737,9.736842105263158,8.526315789473685,58.70165745856353,-2.3312926149281266,0.36027271358664154,3,Direct / Counter-Attacking (2)
Nottingham Forest,46.75526315789474,80.78947368421052,51.21052631578947,21.81578947368421,16.94736842105263,12.526315789473685,7.947368421052632,59.782608695652186,-0.23621080959909896,1.8587289560792781,4,Balanced / Mixed
Newcastle United,52.560526315789474,82.63157894736842,47.81578947368421,23.157894736842106,14.473684210526315,12.947368421052632,7.2894736842105265,64.18181818181819,1.6861996752721984,2.1972232495200825,4,Balanced / Mixed
