Rank,Team,MP,Win,Draw,Loss,GF,GA,Points,Clean Sheets,GD,pts_per_game,gd_per_game,Win %,Home_MP,Home_Win,Home_GF,Home_GA,Away_MP,Away_Win,Away_GF,Away_GA
1,Arsenal,38,26,7,5,71,27,85,19,44,2.236842105263158,1.1578947368421053,68.4,19,15,41,11,19,11,30,16
2,Manchester City,38,23,9,6,77,35,78,16,42,2.0526315789473686,1.105263157894737,60.5,19,14,45,14,19,9,32,21
3,Manchester United,38,20,11,7,69,50,71,8,19,1.868421052631579,0.5,52.6,19,13,39,24,19,7,30,26
4,Aston Villa,38,19,8,11,56,49,65,9,7,1.7105263157894737,0.18421052631578946,50.0,19,12,32,22,19,7,24,27
5,Liverpool,38,17,9,12,63,53,60,10,10,1.5789473684210527,0.2631578947368421,44.7,19,10,34,20,19,7,29,33
6,AFC Bournemouth,38,13,18,7,58,54,57,11,4,1.5,0.10526315789473684,34.2,19,7,29,20,19,6,29,34
7,Sunderland,38,14,12,12,42,48,54,11,-6,1.4210526315789473,-0.15789473684210525,36.8,19,9,25,20,19,5,17,28
8,Brighton & Hove Albion,38,14,11,13,52,46,53,10,6,1.394736842105263,0.15789473684210525,36.8,19,9,30,20,19,5,22,26
9,Brentford,38,14,11,13,55,52,53,10,3,1.394736842105263,0.07894736842105263,36.8,19,8,33,21,19,6,22,31
10,Chelsea,38,14,10,14,58,52,52,9,6,1.368421052631579,0.15789473684210525,36.8,19,7,26,25,19,7,32,27
11,Fulham,38,15,7,16,47,51,52,9,-4,1.368421052631579,-0.10526315789473684,39.5,19,11,30,20,19,4,17,31
12,Newcastle United,38,14,7,17,53,55,49,8,-2,1.2894736842105263,-0.05263157894736842,36.8,19,10,36,30,19,4,17,25
13,Everton,38,13,10,15,47,50,49,11,-3,1.2894736842105263,-0.07894736842105263,34.2,19,6,26,27,19,7,21,23
14,Leeds United,38,11,14,13,49,56,47,8,-7,1.236842105263158,-0.18421052631578946,28.9,19,9,29,21,19,2,20,35
15,Crystal Palace,38,11,12,15,41,51,45,12,-10,1.1842105263157894,-0.2631578947368421,28.9,19,4,19,23,19,7,22,28
16,Nottingham Forest,38,11,11,16,48,51,44,9,-3,1.1578947368421053,-0.07894736842105263,28.9,19,4,20,23,19,7,28,28
17,Tottenham Hotspur,38,10,11,17,48,57,41,9,-9,1.0789473684210527,-0.23684210526315788,26.3,19,3,22,31,19,7,26,26
18,West Ham United,38,10,9,19,46,65,39,7,-19,1.0263157894736843,-0.5,26.3,19,6,27,30,19,4,19,35
19,Burnley,38,4,10,24,38,75,22,4,-37,0.5789473684210527,-0.9736842105263158,10.5,19,2,18,29,19,2,20,46
20,Wolverhampton Wanderers,38,3,11,24,27,68,20,4,-41,0.5263157894736842,-1.0789473684210527,7.9,19,3,19,34,19,0,8,34
