Team,pts_per_game,gd_per_game,GF,GA,Clean Sheets,tier
Arsenal,2.236842105263158,1.1578947368421053,71,27,19,Elite
Manchester City,2.0526315789473686,1.105263157894737,77,35,16,Elite
Manchester United,1.868421052631579,0.5,69,50,8,Good
Aston Villa,1.7105263157894737,0.18421052631578946,56,49,9,Good
Liverpool,1.5789473684210527,0.2631578947368421,63,53,10,Good
AFC Bournemouth,1.5,0.10526315789473684,58,54,11,Good
Sunderland,1.4210526315789473,-0.15789473684210525,42,48,11,Average
Brighton & Hove Albion,1.394736842105263,0.15789473684210525,52,46,10,Good
Brentford,1.394736842105263,0.07894736842105263,55,52,10,Good
Chelsea,1.368421052631579,0.15789473684210525,58,52,9,Good
Fulham,1.368421052631579,-0.10526315789473684,47,51,9,Average
Newcastle United,1.2894736842105263,-0.05263157894736842,53,55,8,Average
Everton,1.2894736842105263,-0.07894736842105263,47,50,11,Average
Leeds United,1.236842105263158,-0.18421052631578946,49,56,8,Average
Crystal Palace,1.1842105263157894,-0.2631578947368421,41,51,12,Average
Nottingham Forest,1.1578947368421053,-0.07894736842105263,48,51,9,Average
Tottenham Hotspur,1.0789473684210527,-0.23684210526315788,48,57,9,Average
West Ham United,1.0263157894736843,-0.5,46,65,7,Average
Burnley,0.5789473684210527,-0.9736842105263158,38,75,4,Weak
Wolverhampton Wanderers,0.5263157894736842,-1.0789473684210527,27,68,4,Weak
