team,goals_for_r5,goals_against_r5,points_r5,possessionPct_r5,totalShots_r5,shotsOnTarget_r5,shotPct_r5,accuratePasses_r5,totalPasses_r5,passPct_r5,totalCrosses_r5,crossPct_r5,totalLongBalls_r5,longballPct_r5,effectiveTackles_r5,totalTackles_r5,interceptions_r5,totalClearance_r5,foulsCommitted_r5,yellowCards_r5,season_pts_avg,season_gd_avg,matches_played
Fulham,0.8,1.0,1.4,51.7,14.2,4.0,28.0,389.6,460.0,84.0,17.6,18.0,39.4,44.0,12.8,18.2,9.6,18.2,11.8,1.8,1.368421052631579,-0.10526315789473684,38
Tottenham Hotspur,1.2,0.8,2.0,55.38000000000001,13.2,3.0,26.0,389.2,458.4,86.0,19.8,34.0,46.0,44.0,14.0,21.6,11.4,21.8,14.2,3.6,1.0789473684210527,-0.23684210526315788,38
AFC Bournemouth,1.6,0.8,1.8,50.12,14.0,4.6,32.0,355.2,430.8,82.0,17.8,24.0,52.4,38.0,7.8,15.4,9.4,27.4,12.0,2.0,1.5,0.10526315789473684,38
Arsenal,1.6,0.2,3.0,56.660000000000004,14.8,5.4,36.0,419.2,488.4,86.0,13.0,26.0,44.6,38.0,5.4,10.6,6.2,21.6,10.2,1.6,2.236842105263158,1.1578947368421053,38
Aston Villa,1.8,1.6,1.4,52.92,11.8,4.6,34.0,384.0,447.2,86.0,15.2,20.0,38.8,44.0,11.6,16.8,6.4,19.4,9.6,1.6,1.7105263157894737,0.18421052631578946,38
Brentford,1.4,1.6,1.0,48.64,11.0,3.4,32.0,317.8,393.4,82.0,19.6,22.0,52.8,40.0,9.0,15.6,8.2,27.6,9.4,2.2,1.394736842105263,0.07894736842105263,38
Brighton & Hove Albion,1.4,1.4,1.2,62.21999999999999,14.8,5.8,38.0,453.2,531.2,86.0,28.4,24.0,51.2,42.0,8.4,12.6,7.0,18.2,10.8,1.0,1.394736842105263,0.15789473684210525,38
Burnley,0.8,1.6,0.4,46.08,10.8,3.6,26.0,331.6,405.8,80.0,14.0,32.0,53.2,40.0,10.2,17.6,8.6,26.0,13.2,1.8,0.5789473684210527,-0.9736842105263158,38
Chelsea,1.0,2.0,0.8,53.2,10.0,3.0,30.0,435.8,506.6,84.0,14.6,20.0,42.8,36.0,7.2,13.4,9.6,16.2,11.6,3.0,1.368421052631579,0.15789473684210525,38
West Ham United,1.2,1.6,1.2,43.8,12.6,5.4,40.0,267.2,346.2,78.0,17.8,26.0,56.2,36.0,11.6,18.8,7.8,22.2,11.4,2.4,1.0263157894736843,-0.5,38
Crystal Palace,1.0,2.4,0.4,43.660000000000004,11.6,3.8,30.0,281.4,365.0,78.0,14.0,30.0,57.0,38.0,9.4,20.2,7.2,33.6,7.4,1.4,1.1842105263157894,-0.2631578947368421,38
Leeds United,1.4,1.4,1.6,44.44,11.8,3.8,28.0,280.0,367.2,74.0,17.0,26.0,53.4,42.0,10.8,18.0,7.4,37.0,10.4,1.8,1.236842105263158,-0.18421052631578946,38
Liverpool,1.8,2.0,1.0,56.02,14.0,4.8,34.0,427.8,500.4,86.0,18.6,32.0,45.2,44.0,5.2,10.2,7.0,18.6,11.2,1.6,1.5789473684210527,0.2631578947368421,38
Manchester City,2.2,1.2,1.6,62.67999999999999,18.2,5.2,30.0,505.8,572.6,90.0,18.2,18.0,37.8,50.0,7.0,11.6,5.4,17.8,7.6,1.6,2.0526315789473686,1.105263157894737,38
Manchester United,2.2,1.0,2.6,45.34,16.0,5.6,36.0,354.8,428.4,82.0,14.2,30.0,50.8,50.0,11.6,19.2,11.0,27.4,9.8,2.0,1.868421052631579,0.5,38
Newcastle United,1.4,1.2,1.4,50.239999999999995,12.8,4.8,38.0,371.8,445.8,84.0,15.8,24.0,44.6,40.0,10.6,16.0,9.0,25.2,9.0,1.6,1.2894736842105263,-0.05263157894736842,38
Nottingham Forest,2.4,1.2,1.6,43.04,11.8,5.0,48.0,302.8,379.2,78.0,14.2,30.0,49.0,34.0,9.6,17.8,8.8,30.0,11.4,2.0,1.1578947368421053,-0.07894736842105263,38
Sunderland,1.2,1.6,1.6,50.17999999999999,13.4,3.8,30.0,338.0,410.6,82.0,18.6,14.0,46.6,46.0,8.8,12.8,8.2,22.8,12.0,2.2,1.4210526315789473,-0.15789473684210525,38
Everton,1.4,2.2,0.4,43.78,11.6,4.0,34.0,285.8,356.8,78.0,17.4,30.0,50.4,38.0,9.8,18.4,6.0,25.8,14.2,3.0,1.2894736842105263,-0.07894736842105263,38
Wolverhampton Wanderers,0.6,1.4,0.6,37.480000000000004,12.6,3.4,28.0,221.8,291.6,76.0,18.4,42.0,47.6,40.0,11.0,18.8,9.2,26.4,12.2,1.6,0.5263157894736842,-1.0789473684210527,38
